DATE,USER,MESSAGE
2024-02-27 21:01:20,캐리골프투어,"'캐리골프투어' 입니다.  궁금한 내용이 있으면 메시지를 입력해주세요.
더 이상 채팅을 원치 않으시면 채팅목록에서 '채팅방 나가기'를 해 주세요."
2024-02-27 21:26:44,캐리골프투어,채팅 운영시간 안내
2024-02-27 21:26:44,캐리골프투어,지금은 캐리골프투어의 채팅 가능한 시간이 아닙니다. 내용을 남겨주시면 채팅이 가능한 시간에 답변 드리겠습니다.
2024-02-27 21:26:44,배지혜,"토욜 일욜 일직가서 좀놀다 월화 1박2일 치고싶은데 가능할까요 일자별로설명하자면
13토욜 부산출발 뱅기표 2인 숙박은 저희가 알아서
14 2부티 알아봐주심좋겠구요 숙박은 저희가 알아서
15일 17일은 패키지 내용되로 오는 뱅기표 2인 가능할까요"
2024-02-27 21:34:44,캐리골프투어,네 안녕하세요~ 어떤 상품 보셨을까요?
2024-02-27 21:35:43,배지혜,40팀한정 38만원1박2일 블랙스톤.롯데스카이
2024-02-27 21:35:43,캐리골프투어,채팅 운영시간 안내
2024-02-27 21:35:43,캐리골프투어,지금은 캐리골프투어의 채팅 가능한 시간이 아닙니다. 내용을 남겨주시면 채팅이 가능한 시간에 답변 드리겠습니다.
2024-02-27 21:36:21,배지혜,그 상품에 추가로 할수있는지 물어본거입니다
2024-02-27 21:36:21,캐리골프투어,채팅 운영시간 안내
2024-02-27 21:36:21,캐리골프투어,지금은 캐리골프투어의 채팅 가능한 시간이 아닙니다. 내용을 남겨주시면 채팅이 가능한 시간에 답변 드리겠습니다.
2024-02-27 21:37:41,캐리골프투어,네 말씀하신 일정대로 가능하세요
2024-02-27 21:38:43,배지혜,가격이 일욜 어느구장 가능한지. 가격은 어찌되는지 궁금합니다
2024-02-27 21:38:43,캐리골프투어,채팅 운영시간 안내
2024-02-27 21:38:43,캐리골프투어,지금은 캐리골프투어의 채팅 가능한 시간이 아닙니다. 내용을 남겨주시면 채팅이 가능한 시간에 답변 드리겠습니다.
2024-02-27 21:38:52,캐리골프투어,숙박을 패키지에서 뺄 수 있을지는 내일 확인해드려야 할것 같습니다.
2024-02-27 21:39:54,캐리골프투어,채팅 운영시간 안내
2024-02-27 21:39:54,캐리골프투어,지금은 캐리골프투어의 채팅 가능한 시간이 아닙니다. 내용을 남겨주시면 채팅이 가능한 시간에 답변 드리겠습니다.
2024-02-27 21:39:54,배지혜,넵 알겠습니다 테킹이길어지는데 낼 핸폰 통화가능할까요? 전번 남기겠습니다 010 3514 5449
2024-02-27 21:40:20,캐리골프투어,네 알겠습니다 내일 확인후 연락드리겠습니다~
2024-02-28 10:06:03,캐리골프투어,"안녕하세요 
말씀 주신사항 정리하면 

4/14일 2부티 조인 희망  
4/15.16일 패키지 조인 이용

왕복 항공은 고객님 개별 예약   맞으실까요?"
2024-02-28 10:07:58,배지혜,항공권은 여행사에서 구매해주심 좋겠구 랜터카도 사전 연장으로요
2024-02-28 10:08:22,배지혜,제보단 구매력이좋으실거갘아서요
2024-02-28 10:09:36,배지혜,전화번호주시면 통화로 마무리지었으면합니다
2024-02-28 10:10:03,배지혜,제전번은 01035145449 
2024-02-28 10:23:36,캐리골프투어,"렌트카는 2일 추가시 1인당 2만원 총 4만원 입니다.  
렌트카 오전8시 인수.
저녁8시 반납입니다. 

1인 기준 렌트 연당포함  40만원x2=80만원입니다. 


계좌안내입니다. >>

국민 캐리골프투어  680401-00-036929

예약금 20만원 입금후 입금자명/명단(성함/성별/대표자연락처)
부탁드립니다."
2024-02-28 10:28:27,배지혜,배지혜로 80만원 입금했습니다.
2024-02-28 10:28:48,캐리골프투어,넵 확인하겠습니다.
2024-02-28 10:30:15,캐리골프투어,네 확인되셨습니다. 명단 부탁드립니다.
2024-02-28 10:30:43,캐리골프투어,성함/성별/대표자 연락처 부탁드립니다.
2024-02-28 10:32:02,배지혜,이정만(남)010-3514-5449  배지혜(여)010 8570 5449
2024-02-28 10:35:09,캐리골프투어,네 확인 감사합니다.
2024-02-29 13:05:14,캐리골프투어,사진
2024-02-29 13:05:33,캐리골프투어,안녕하세요 확정서 보내드립니다.
2024-02-29 13:05:52,캐리골프투어,"이정만님 조인자
황성환님 010 5395 4443
골프장은 황성환님 이름으로 체크인 
호텔 렌트카는 
이정만님 이름으로 이용 하시면 되세요~"
2024-03-21 16:49:16,캐리골프투어,사진
2024-03-21 16:49:50,캐리골프투어,"조인자 정보 
박명숙 010 3293 8447"
2024-03-21 16:50:05,캐리골프투어,안녕하세요 조인자 정보 변경되어 안내드립니다.