DATE,USER,MESSAGE
2024-04-06 08:34:13,723/523김은희,사진
2024-04-06 08:34:13,캐리골프투어,채팅 운영시간 안내
2024-04-06 08:34:13,캐리골프투어,지금은 캐리골프투어의 채팅 가능한 시간이 아닙니다. 내용을 남겨주시면 채팅이 가능한 시간에 답변 드리겠습니다.
2024-04-06 09:11:41,723/523김은희,사진
2024-04-06 09:13:38,723/523김은희,"안녕하세요~ 제주골프여행 문의드립니다~ 
제주 서부최고급 명문이 핀크스인지요?
5월29일.30일 예약하고 싶어서요~~"
2024-04-06 09:18:36,캐리골프투어,네 안녕하세요
2024-04-06 09:19:12,캐리골프투어,말씀하신 핀크스이고요
2024-04-06 09:19:27,캐리골프투어,인원이 어떻게 되실까요?
2024-04-06 09:20:34,723/523김은희,"가격 쬐끔조율가능한지에 따라
12~16명입니다 ~^^;"
2024-04-06 09:22:32,723/523김은희,첫날 블랙스톤1시대와 둘째날 핀크스 9시나 10시대꺼 칠수있을까요?
2024-04-06 09:23:05,캐리골프투어,네네^^  인원 확정해주시면 조율 해드리겠습니다. ~
2024-04-06 09:24:31,캐리골프투어,네 핀크스는 회원제라  월요일에 희망하시는 일정 확인해드려봐야 할것 같습니다.
2024-04-06 09:26:16,723/523김은희,"네, 16명으로.  월욜 확인해주십시오~~♡"
2024-04-06 09:27:58,캐리골프투어,네네 월요일에 확인해서 연락드리겠습니다.~
2024-04-08 10:55:46,723/523김은희,"월모닝입니다~~ 
식사하셨나요? 
혹, 말씀드린 상품 확인되셨는지요?"
2024-04-08 11:02:34,캐리골프투어,네네 안녕하세요 좋은아침입니다. 확인결과 핀크스는 시간대가 오전  6~7시대만 나오는데 괜찮으실지 확인 부탁드립니다.
2024-04-08 11:13:55,723/523김은희,7시 후반은 안될까요? 
2024-04-08 11:14:48,723/523김은희,"힘써주시다가 안되면 어쩔수없겠지만~^^
쬐끔만 더 늦춰주십시오~~👉👈"
2024-04-08 11:15:18,723/523김은희,블랙스톤은 몇시인지요?  
2024-04-08 11:16:12,캐리골프투어,네네 일단 확인해볼께요
2024-04-08 11:16:29,캐리골프투어,확인후 정리해서 회신 드려보겠습니다.
2024-04-08 11:16:33,723/523김은희,조식은 먹고 가야 되지않나 싶습니다 ㅎㅎ
2024-04-08 11:23:45,캐리골프투어,네네 맞는 말씀이시죠 ^^! 회원제이기도하고 특가 시간 배정받은거라서 시간이 좀 어려운 측면이 있는데  일단 최대한 요청해보고 말씀드리겠습니다.
2024-04-08 11:41:06,723/523김은희,👍👍👍👍👍
2024-04-08 17:33:41,캐리골프투어,블랙스톤은 13시 초반이시고 핀크스는 아쉽게도  6시중반대만 가능하세요
2024-04-08 17:34:00,캐리골프투어,"5/29(수) 블랙스톤 13시초반 4팀(식사조건)
5/30(목) 핀크스 6시중반 4팀
객실
5/29 디아넥스 호텔 8실 1박
1인 판매가: 660,000(조식제외)



5/29 블랙스톤 클럽하우스 중식
1인 29,000원 추가시 

1인 689.000입니다."
2024-04-08 17:34:57,723/523김은희,"감사합니다,혹시...30일~31일 도
알아봐주시겠습니까?"
2024-04-08 17:35:00,캐리골프투어,"대안으로 2부로 확인해봤는데 
아래와 같습니다. 

*골프장 :
05월29일(수) 핀크스GC 13시후반대 4팀 
05월30일(목) 블랙스톤CC 07시 초중반대 4팀 

---------------------
*숙소 :
05월29일(수) 제주 디아넥스호텔 스탠다드 트윈 8객실 1박 [조식&온천포함] 

---------------------
*상품가
- 1인금액 : 681,000원"
2024-04-08 17:35:48,723/523김은희,👍👍
2024-04-08 17:41:02,캐리골프투어,"네 2부 일정으로 진행하시는게 좋으실것 같습니다, 동반자 분들과 의논하시고 말씀부탁드립니다."
2024-04-08 17:41:42,723/523김은희,30일~ 31일도 봐주시면 결정하겠습니다~ 
2024-04-08 17:42:53,캐리골프투어,네네 예약실이 마감이라 내일 확인해드려야 할것 같습니다.~
2024-04-08 17:44:37,723/523김은희,"네~기다리겠습니다~  
상품가격이 625,000원이었는데
왜 올랐을까요..
더 할인해주실줄알았습니다만... ㅜ"
2024-04-08 17:59:02,캐리골프투어,네네 핀크스는 조식이 일정상 안되셔서 빼고 블랙스톤 중식포함으로 넣어드려 가격이 변경되었습니다.
2024-04-08 17:59:59,캐리골프투어,대안으로 드린 2부 일정은 해당 시간대 견적이라서 그렇다고 보시면 되세요
2024-04-08 18:01:05,캐리골프투어,말씀주신 단체할인 적용은 일정 확정되시면  적용해드릴 예정입니다.
2024-04-08 18:05:13,723/523김은희,🙂
2024-04-08 18:05:13,캐리골프투어,채팅 운영시간 안내
2024-04-08 18:05:13,캐리골프투어,지금은 캐리골프투어의 채팅 가능한 시간이 아닙니다. 내용을 남겨주시면 채팅이 가능한 시간에 답변 드리겠습니다.
2024-04-08 18:07:47,캐리골프투어,네네 내일 연락드리겠습니다 ~
2024-04-09 09:07:02,723/523김은희,사진
2024-04-09 09:10:17,723/523김은희,"안녕하세요~ 
저희가 2안대로 한다면 (아직 회원들에게  물어보기전이지만 ) 
불포함사항에 항공.카트.캐디.식사빼고
지불하는 금액이 681,000원이라는 말씀이시죠?"
2024-04-09 09:37:44,캐리골프투어,네 안녕하세요  말씀하신 대로 맞습니다. 그리고 렌트카도 별도 입니다.
2024-04-09 09:38:22,723/523김은희,사이프러스 31일도 4팀 알아뵈
2024-04-09 09:39:50,캐리골프투어,네네 5/31일 확인후 안내드리겠습니다.
2024-04-09 09:40:06,캐리골프투어,1부 시간대로 알아봐 드리면 될까요?
2024-04-09 09:40:15,723/523김은희,8시 후반요
2024-04-09 09:40:39,723/523김은희,"8시 38분.45분
두개를 잡았는데"
2024-04-09 09:41:13,723/523김은희,잡아주신다면 제가 취소하면됩니다
2024-04-09 09:41:53,723/523김은희,대중제로 8시 45분대로 부탁합니다
2024-04-09 09:42:16,캐리골프투어,네네 확인감사합니다. 확인후 안내드려보겠습니다.
2024-04-09 09:47:47,723/523김은희,"아!  681,000원에 세금도 포함인거죠?
항공.카.캐.렌트.식사만 불포함이고요?"
2024-04-09 09:50:42,캐리골프투어,견적드린 금액은 현금가 기준이시고 세금계산서 발행시 부가세는 별도입니다.
2024-04-09 09:51:17,723/523김은희,세금계산서 발행 안하구요
2024-04-09 09:51:50,723/523김은희,현금가로 내면 아무추가요금 없는거죠?
2024-04-09 09:52:13,723/523김은희,"681,000원만 내면."
2024-04-09 09:52:38,723/523김은희,"16명이가다보니 질문들이 많아
골치가.. ㅠ"
2024-04-09 09:52:42,캐리골프투어,네 맞습니다. 별도 추가 요금은 없습니다.
2024-04-09 09:54:41,캐리골프투어,렌트카는 따로 예약을 하셨을까요?
2024-04-09 09:54:57,723/523김은희,"항공은 준비되었고,
그린피.카트비. 캐디피만 준비해서 가면 됩니까 세금은 없꼬요?"
2024-04-09 09:55:07,723/523김은희,라고 질문이 와서요 ㅎㅎ
2024-04-09 09:55:32,723/523김은희,"네, 렌트카하는 동생이 이리저리 도와주었습니다"
2024-04-09 09:56:44,캐리골프투어,네네 맞습니다. 편하게 질문 주셔도 되세요 ㅎㅎ 그린피는 저희가 드린 견적에 포함되어 있으시고 카트비/캐디피만 현장에서 지불 하시면 되세요
2024-04-09 10:10:32,723/523김은희,"네, 의견이 최종 2안쪽으로 기울었는데 
마지막질문 드릴게요^^; 
확실히 답을 들으라는 의견이 있어서요,아이고..

1.제주도 그린피에 세금이라는게 있던데 그거 포함된금액인가요?
2.조식몇시부터 시작인지요?
3.사이프러스 31일 8시 후반대(우리가 가진거두개 드릴수있답니다) 가능한지요?
4. 단체할인에 조금 더 신경 써 주신댔는데 얼마나 저렴해질까요?^^ 
5. 정해지면 계약을 선금+잔금식으로 하는것이 가능한지요?
.....등등 입니다~ 😅"
2024-04-09 10:18:42,723/523김은희,"아, 세금포함이라 하셨는데 또 질문드렸네요,죄송합니다 ㅎ"
2024-04-09 10:19:33,723/523김은희,사이프러스와 단체 할인에 다시 부탁드려봅니다~~~^^ 
2024-04-09 11:15:32,723/523김은희,"톡하기 바쁘시면 전화주셔도 됩니다~ 
김은희 010-4844-4754 입니다"
2024-04-09 11:15:53,캐리골프투어,"디아넥스 호텔 조식은 7시부터 10시 30분까지이며, 마지막 주문은 10시까지 가능합니다.
사이프러스 5/31일  확인 결과 07시대 부킹이 가능합니다만 동선이 약간 안좋습니다.(약 1시간 소요)
대안으로 핀크스GC 근거리에 위치한 제주 명문 구장 롯데스카이힐 추천드려봅니다. 

할인가 적용은  
1인 -20.000원 단체할인 적용(1인 기준가  661.000원 )  x 16=  총 320.000원 할인 적용 가능합니다. 

결제는 예약금 결제후  골프장 부킹 / 호텔 예약 완료후 출발일 15일전  잔금 완납순으로 
진행해 주시면됩니다.


제주 구장 참고사항입니다.


제주도에는 많은 명문 골프장이 있습니다. 그 중에서도 대표적인 명문 골프장은 다음과 같습니다.
* 나인브릿지CC: 세계 100대 골프장 중 41위로 선정된 명문 골프장으로, PGA 투어 정규대회가 열리는 곳입니다.
* 핀크스CC: SK그룹에서 운영하는 골프장으로, 27홀 규모의 코스를 갖추고 있으며 이중 18홀은 회원제코스, 9홀은 대중제 코스로 운영됩니다.
* 블랙스톤CC: 제주의 자연 속에서 여유로운 플레이를 즐길 수 있는 골프장으로, 코스 풍경이 매우 고급스럽고 코스 레이아웃이 훌륭한 구장입니다.
* 테디밸리CC: 한라산과 산방산이 보이는 아름다운 코스를 자랑하는 골프장으로, 겨울철에도 기온이 높아 라운딩하기에 좋습니다.
* 롯데스카이힐 제주CC: 자연친화적인 코스와 아름다운 경관을 자랑하는 골프장으로, KLPGA 대회를 비롯한 다양한 대회가 열리는 곳입니다."
2024-04-09 11:19:16,캐리골프투어,보유하신 사이프러스 티는 저희가 매입은 어렵고요.그리고 5/31일 숙박이 필요하시면 디아넥스 4팀 연박 가능한것으로 확인이 됩니다.
2024-04-09 11:19:20,723/523김은희,"네, 좋습니다~ 
아, 조식이 7시부터면 먹고
블랙스톤 칠수있을까요? 부킹시간이.."
2024-04-09 11:22:04,723/523김은희,"조식먹을수있는 시간주시면
진행하겠습니다~~ "
2024-04-09 11:23:40,캐리골프투어,조식없이 룸 온리 들어가시는게 좋을듯 합니다만.확인해보겠습니다.
2024-04-09 11:25:58,723/523김은희,"네, 못먹다면 ㅠ  룸온리로 봐주십시오 ~ "
2024-04-09 11:27:29,캐리골프투어,네네 확인후 안내드리겠습니다. ~
2024-04-09 11:30:11,723/523김은희,사진
2024-04-09 11:30:37,723/523김은희,수고하시는데 점심드시고 차한잔 하십시오~~^^ 
2024-04-09 11:35:08,캐리골프투어,"확인결과 08시대만 가능하셔서 조식은 빼셔야 할것 같습니다. 조식비 1인 15.000원씩 차감되시고요 

안주셔도 되시는데 
마음써주셔서 감사합니다 
너무 감사히 잘 먹겠습니다 .~^^"
2024-04-09 11:43:35,723/523김은희,"08시대 블랙스톤은 티가 없다는 말씀이시죠?
그럼, 
블랙스톤 7시 30분대는 가능한지요?
조식포기, 한시간 수면 획득 ㅋㅋ"
2024-04-09 11:45:05,캐리골프투어,네네 그렇습니다. 08시대는 불가하세요 7시 후반 시간대 확인후 안내드리겠습니다.
2024-04-09 12:13:09,캐리골프투어,블랙스톤 확인결과 최대한 뒤로 달라고 요청은 해볼수 있는데 정확한 확답은 어려울것 같습니다.
2024-04-09 12:18:10,723/523김은희,"네네~  7시 중후반 주시면 바로 진행하겠습니다~ 
언제 알수있을까요?"
2024-04-09 12:20:27,캐리골프투어,네 블랙스톤 단체는 예약진행 확정을  넣어야 확정 티오프 시간이 나와서요
2024-04-09 12:23:23,723/523김은희,"티오프 시간이 7시 초반이면 ...또 분란이 있을거라서 
순서가ㅡ 예약확정하고 티를 받았는데 
7시 초반이면 취소하는 사태가 일어날까봐
대충이라도 시간주시면 "
2024-04-09 12:30:07,캐리골프투어,네네 식사후 체크해보겠습니다.  맛있는 점심식사 되세요~~ ^^
2024-04-09 13:17:25,캐리골프투어,정확한 시간인폼은 어렵다고 하고 07시 중반부터 가능하다고는 답변 받았습니다
2024-04-09 13:23:27,723/523김은희,"네~  고생하시는거 압니다~^^ 
 진행하겠습니다~~ "
2024-04-09 13:25:55,캐리골프투어,"네네 확정 감사합니다. !! 
원활하게 처리 드리도록 하겠습니다 . 
확정서 정리후 전달 드리겠습니다."
2024-04-09 13:28:27,723/523김은희,"네~~
5천원 씩이라도 저렴하게 한번 더 굽신거려봅니다..^^
공쳐도 적은 단위에 예민하더라구요~^^; "
2024-04-09 13:32:53,캐리골프투어,"네네!!  알겠습니다. 
추가 할인 적용 드리도록 하겠습니다."
2024-04-09 13:32:57,캐리골프투어,https://naver.me/GbrhCcdz
2024-04-09 13:34:24,캐리골프투어,아니시면 저희가 취급하는  위 링크의 제품(여성용) 1자루를 보내드릴 수 있을것 같습니다.
2024-04-09 13:37:15,723/523김은희,"와~ 
감사합니다만 집행부가  여럿이라 싸움납니다ㅎㅎ
할인으로 적용해주시면 더 좋겠습니다~ 
13마넌~ *^^*"
2024-04-09 13:38:32,캐리골프투어,네네 5.000원 × 16 = 80.000원 추가 할인 적용드리겠습니다.
2024-04-09 13:40:33,723/523김은희,👍
2024-04-09 13:40:44,캐리골프투어,"참고로 위 상품은 저희가  할인가하고 도매공급가하고 비슷해서 드릴려고 했었던 금액입니다. 선능이 좋으니 공용으로 써보시고 추천해주시면
좋을것 같아서 제안 드렸었습니다. ~"
2024-04-09 13:40:49,723/523김은희,진행하겠습니다~~
2024-04-09 13:41:32,723/523김은희,물어보니 할인쪽으로~~^^; 
2024-04-09 13:42:03,723/523김은희,골프채보다ㅡㄴ 할인해서 가자고합니다 ㅎ
2024-04-09 13:42:31,캐리골프투어,"네네네 확인 감사합니다.
확정서 정리해서 드리겠습니다."
2024-04-09 15:53:41,캐리골프투어,사진
2024-04-09 15:55:08,캐리골프투어,"*골프장 :
05월29일(수) 핀크스GC 13시후반대 4팀 
05월30일(목) 블랙스톤CC 07시 중반대 4팀 

---------------------
*숙소 :
05월29일(수) 제주 디아넥스호텔 스탠다드 트윈 8객실 1박 [조식 미포함] 

①예약금
- 2.624.000원 

- 예약금 결제일 : ~04월09일
* 입출금 내역이 많아 송금후 연락부탁드립니다.

②잔   금 : 
- 7,872,000원 

- 잔   금 결제일 : ~04월23일
* 입출금 내역이 많아 송금후 연락부탁드립니다.

③총   액 : 
① + ② = 10,496,000원

입금계좌 :
680401-00-036929 국민은행 캐리골프투어"
2024-04-09 15:55:23,캐리골프투어,사진
2024-04-09 15:56:05,캐리골프투어,내일 휴일이라 오늘 구장 담당자들 퇴근 빨리하는듯합니다.
2024-04-09 15:56:16,캐리골프투어,"<3팀 이상 골프 단체팀 취소/환불규정안내>
* 주말이나 공휴일취소는 적용일이 아닙니다
- 예약 확정 후 취소시 : 총 여행경비 10% 배상/진행수수료 별도
- 출발 21일전 변경 시 : 팀수만 변경가능
- 출발 15일이전 취소 : 총여행경비 20% 배상/진행수수료 별도
- 출발 14일~8일전 취소 : 총 여행경비40% 배상/진행수수료 별도
- 출발 7일~당일 취소 : 총 여행경비 전액환불 불가/진행수수료 별도
- 구장 티업 마다 취소가 아예 불가한 티업도 있습니다"
2024-04-09 15:57:15,캐리골프투어,"저희 취소규정사항이니 참고부탁드리고
핀크스는 취소불가 따로 참고부탁드립니다"
2024-04-09 16:25:32,723/523김은희,"잘봤습니다~ 2안(조식포함) 681,000원에서 
단체라 2만원 할인해준다하셨고,
조식빼기때문에 15,000원 할인해주기로 하셨고,
골프채대신^^ 5,000원 할인 해주신대서...
저희들은 641,000원으로
알고 회원들 설득했습니다...👉👈"
2024-04-09 16:38:58,캐리골프투어,앗 죄송합니다.  정정드리겠습니다.
2024-04-09 16:40:23,캐리골프투어,사진
2024-04-09 16:40:58,캐리골프투어,"김은희 님 4팀 (16인 ) 단체

*골프장 :
05월29일(수) 핀크스GC 13시후반대 4팀 
05월30일(목) 블랙스톤CC 07시 중반대 4팀 

---------------------
*숙소 :
05월29일(수) 제주 디아넥스호텔 스탠다드 트윈 8객실 1박 [조 식 미포함] 

①예약금
- 2,564,000원 

- 예약금 결제일 : ~04월09일
* 입출금 내역이 많아 송금후 연락부탁드립니다.

②잔   금 : 
- 7,692,000원 

- 잔   금 결제일 : ~04월23일
* 입출금 내역이 많아 송금후 연락부탁드립니다.

③총   액 : 
① + ② = 10,256,000원

입금계좌 :
680401-00-036929 국민은행 캐리골프투어"
2024-04-09 16:42:01,캐리골프투어,번거롭게 해드려 죄송합니다. 정정 확정서 확인 부탁드립니다.
2024-04-09 16:51:01,723/523김은희,성함이 다릅니다
2024-04-09 16:51:25,723/523김은희,성진아? 라고 나옵니다. 
2024-04-09 16:51:34,723/523김은희,신진아
2024-04-09 16:53:18,캐리골프투어,네네 신진아 캐리골프투어  사업자 계좌 맞습니다
2024-04-09 16:53:38,캐리골프투어,사진
2024-04-09 16:54:14,723/523김은희,아네 ~ 지금입금합니다
2024-04-09 16:54:57,캐리골프투어,네네  입금자명은 김은희님 이시죠?
2024-04-09 16:56:19,723/523김은희,네 김은희핀크스16명.으로 입금했습니다
2024-04-09 16:57:07,캐리골프투어,네 예약금 2.564.000원 입금 확인되셨습니다.  예약 진행드리겠습니다
2024-04-09 16:57:40,723/523김은희,🙏
2024-04-09 16:57:47,723/523김은희,다시한번 핀크스 
2024-04-09 16:57:56,723/523김은희,1시 중반대로 부탁합니다
2024-04-09 16:59:00,캐리골프투어,네네 체크하겠습니다
2024-04-09 17:00:05,723/523김은희,"7시 반 비행기타고 가서 아침만 먹이고 골프장 도착할건데, 너무늦게 치면 저를 뜯어 먹으려 할겁니다...ㅠ ㅠ
부탁합니다 ㅎ"
2024-04-09 17:00:45,723/523김은희,"1시초반.이면 더더 좋겠지만
염치가 있으니 중반으로 꼭 좀"
2024-04-09 17:02:33,캐리골프투어,네네 최대한 요청 넣도록 하겠습니다
2024-04-09 17:02:49,723/523김은희,🫡
2024-04-09 17:02:54,캐리골프투어,핀크스는 가능한시간으로 우선 뽑고 요청은 초반 중반으로 넣어보겠습니다
2024-04-09 17:03:52,723/523김은희,"네~ 감사합니다,
꼬옥 부탁드려요~~^^"
2024-04-09 17:04:16,캐리골프투어,넵 노력해보겠습니다. !!
2024-04-09 17:41:22,캐리골프투어,"핀크스가 오늘 마감이라  30일 6:30분만  가능하실거 같고  블랙스톤 2부는 답변이 아직 안오고 있음   핀크스를 못잡으면 테디벨리로 변경 하셔야 할 수도 있을 것같습니다. 

예약금"
2024-04-09 17:42:21,723/523김은희,저희꺼요?
2024-04-09 17:42:50,캐리골프투어,네네 단체라 한팀이라도 중간에 끼어들면 티를 못잡기 때문에  어려운 측면이 있습니다. 추가 적으로 더 확인해보고 말씀 드리겠습니다 .
2024-04-09 17:43:08,723/523김은희,저희는 핀크스 2부인데요?
2024-04-09 17:43:34,캐리골프투어,네 핑크스 2부가 마감이 되어버렸습니다.
2024-04-09 17:43:48,723/523김은희,네에~~~~???  
2024-04-09 17:43:59,723/523김은희,안됩니다..ㅠ
2024-04-09 17:44:25,723/523김은희,회원들한테 다 동의하고 진행한건데..
2024-04-09 17:46:30,723/523김은희,"저희는 핀크스라 제주진행한거거든요...
오마이갓"
2024-04-09 17:46:55,캐리골프투어,"네 핀크스 지배인 말씀이 오늘 회원권 예약이 오전부터  많이 들어와서 마감되었다고 하네요
대안은 30일 6:30분이 불편하시면   테디벨리. 블랙스톤 조합으로 다시 확인해서 드리는 쪽으로 하셔야 할것 같습니다.저도 많이 아쉽네요"
2024-04-09 17:48:09,캐리골프투어,위일정이 조율이 어려우시면  죄송하지만 환불 드리는쪽으로 해 드려야 할것 같습니다.
2024-04-09 17:48:27,723/523김은희,"그럼 오전부터 마감되었던건데
계속 진행하신거네요"
2024-04-09 17:48:31,723/523김은희,ㅠ
2024-04-09 17:49:11,723/523김은희,"그럼 1안 블랙스톤 2부 +핀크스6시30분
은 가능한단말씀이시죠?"
2024-04-09 17:49:13,캐리골프투어,아니요 오전부터 예약이 많이 들어왔다는 이야기이고 중간에 체크 했을때 티 가능한 상황 확인한 상태였습니다.
2024-04-09 17:52:01,캐리골프투어,"5/29 핀크스 2부 전체마감
5/30 06:30 핀크스 4조가능
객실은가능

시간넘어가면 확정 어려울수 있음

블랙은
5/29 2부 미정"
2024-04-09 17:52:46,723/523김은희,"블랙2부 미정..
그럼 언제알수있나요?"
2024-04-09 17:53:36,캐리골프투어,블랙 2부 미정은 내일 휴일 이어서 내일 만약에 답변이 오면 내일이라도 답변을 드리는데 11일 되야 정확한 답변이 가능합니다.
2024-04-09 17:54:24,723/523김은희,그렇군요..내일 투표일이네요..
2024-04-09 17:54:28,캐리골프투어,보통 핀크스는 나오면 바로 잡는게 좋습니다.
2024-04-09 17:54:37,723/523김은희,그럼 일단 환불 받겠습니다..ㅠ
2024-04-09 17:55:31,723/523김은희,"설득하고 설득해서
다시 짜보도록 할게여..."
2024-04-09 17:55:36,캐리골프투어,시간이 5분 남아서  6분 안에 핀크스 결정하시기는 어려우시겠지요?
2024-04-09 17:55:44,723/523김은희,네..
2024-04-09 17:56:02,캐리골프투어,핀크스 먼저  잡고 블랙은 11일에 확인 하시는 쪽으로 하시면 어떠실까 싶습니다.
2024-04-09 17:56:42,723/523김은희,"6시 반을 못치겠다고
난리쳐서 조식포기하고
7시 반으로 바꾼거라.."
2024-04-09 17:59:03,캐리골프투어,네 그러시면 환불 드리는 쪽으로  해드리도록 해야할것같습니다. 중간에서 고생 많으신데 결과가 안되서 죄송합니다. 아시다시피 핀크스는 워낙 핫하다보니 나오면 바로 잡는게 좋은데  예약금 늦게 해주신것도 아닌데  결과가 이렇게 되었네요
2024-04-09 18:02:11,723/523김은희,네..909-12-641422 농협 김은희입니다..
2024-04-09 18:02:11,캐리골프투어,채팅 운영시간 안내
2024-04-09 18:02:11,캐리골프투어,지금은 캐리골프투어의 채팅 가능한 시간이 아닙니다. 내용을 남겨주시면 채팅이 가능한 시간에 답변 드리겠습니다.
2024-04-09 18:02:57,723/523김은희,"핀크스 가보나 했는데 
다른 구장도 설득해보겠습니다"
2024-04-09 18:02:57,캐리골프투어,채팅 운영시간 안내
2024-04-09 18:02:57,캐리골프투어,지금은 캐리골프투어의 채팅 가능한 시간이 아닙니다. 내용을 남겨주시면 채팅이 가능한 시간에 답변 드리겠습니다.
2024-04-09 18:04:17,723/523김은희,"주신자료에 테디밸리, 블랙스톤,롯데스카이힐 있던데
그쪽으로도 설득해보겠습니다."
2024-04-09 18:04:17,캐리골프투어,채팅 운영시간 안내
2024-04-09 18:04:17,캐리골프투어,지금은 캐리골프투어의 채팅 가능한 시간이 아닙니다. 내용을 남겨주시면 채팅이 가능한 시간에 답변 드리겠습니다.
2024-04-09 18:08:40,캐리골프투어,네네 감사합니다. 계좌 남겨주시면 환불 진행드리도록 하겠습니다.
2024-04-09 18:09:08,723/523김은희,"909-12-641422  농협.
김은희 입니다"
2024-04-09 18:09:08,캐리골프투어,채팅 운영시간 안내
2024-04-09 18:09:08,캐리골프투어,지금은 캐리골프투어의 채팅 가능한 시간이 아닙니다. 내용을 남겨주시면 채팅이 가능한 시간에 답변 드리겠습니다.
2024-04-09 18:16:29,캐리골프투어,"04/09 18:15 신진아（캐리골프투어）님이 김은희님의 계좌  909126**422로 2,564,000원을 보냈습니다."
2024-04-09 18:16:44,캐리골프투어,지금은 캐리골프투어의 채팅 가능한 시간이 아닙니다. 내용을 남겨주시면 채팅이 가능한 시간에 답변 드리겠습니다.
2024-04-09 18:16:44,723/523김은희,"입금확인했습니다..
내일 투표날이니
저희도 의논해서 다시 질문 드리겠습니디ㅡ"
2024-04-09 18:16:44,캐리골프투어,채팅 운영시간 안내
2024-04-09 18:17:02,723/523김은희,"정확한것은
핀크스는 못친다는거죠?"
2024-04-09 18:17:02,캐리골프투어,채팅 운영시간 안내
2024-04-09 18:17:02,캐리골프투어,지금은 캐리골프투어의 채팅 가능한 시간이 아닙니다. 내용을 남겨주시면 채팅이 가능한 시간에 답변 드리겠습니다.
2024-04-09 18:17:02,캐리골프투어,환불 완료드렸습니다.
2024-04-09 18:18:29,723/523김은희,"""""핀크스는 못치고,
블랙스톤은 11일 되어야 알수있고...
어느구장을 가든
디아넥스 호텔은 이용할수있고""""
맛습니까?"
2024-04-09 18:18:29,캐리골프투어,채팅 운영시간 안내
2024-04-09 18:18:29,캐리골프투어,지금은 캐리골프투어의 채팅 가능한 시간이 아닙니다. 내용을 남겨주시면 채팅이 가능한 시간에 답변 드리겠습니다.
2024-04-09 18:19:30,캐리골프투어,"네 맞습니다. 
  핀크스를 갖고 가시려면 30날 오전으로 들어가는거 밖에 없을듯합니다"
2024-04-09 18:19:38,캐리골프투어,날짜 변경은 어려우실까요?
2024-04-09 18:22:14,723/523김은희,"1안대로 티를 주실수있다면 
쪼아보겠지만(원래계획이었으니)...
조식포함이었는데 그거도 안되게끔
6시30분이라는것이
반발이 있어서 2안으로 간거거든요.."
2024-04-09 18:22:14,캐리골프투어,채팅 운영시간 안내
2024-04-09 18:22:14,캐리골프투어,지금은 캐리골프투어의 채팅 가능한 시간이 아닙니다. 내용을 남겨주시면 채팅이 가능한 시간에 답변 드리겠습니다.
2024-04-09 18:22:58,캐리골프투어,지금은 캐리골프투어의 채팅 가능한 시간이 아닙니다. 내용을 남겨주시면 채팅이 가능한 시간에 답변 드리겠습니다.
2024-04-09 18:22:58,723/523김은희,"조식포기하더라도 7시꺼라도 주시면 
면이 서겠는데
6시 반은..ㅠ"
2024-04-09 18:22:58,캐리골프투어,채팅 운영시간 안내
2024-04-09 18:28:00,캐리골프투어,네네 원하시는대로 해드리면 좋을텐데  죄송합니다.
2024-04-09 18:47:29,캐리골프투어,"목요일에 블랙.테디나
롯데섞어서 리체크해볼까요?"
2024-04-09 18:49:56,723/523김은희,"블랙1시 중반. 디아넥스 숙박.8시 후반.테디
블랙1시 중간.디아넥스 숙박 .8시 후반 롯데 "
2024-04-09 18:49:56,캐리골프투어,채팅 운영시간 안내
2024-04-09 18:49:56,캐리골프투어,지금은 캐리골프투어의 채팅 가능한 시간이 아닙니다. 내용을 남겨주시면 채팅이 가능한 시간에 답변 드리겠습니다.
2024-04-09 18:56:40,캐리골프투어,"5/29 블랙스톤 1시 중반.
5/29 디아넥스 숙박.
5/30 태디벨리 8시 후반.

네 확인후 안내드려보겠습니다. 
즐거운 연휴 보내세요~ ^^"
2024-04-09 18:58:59,723/523김은희,네~~ 내일 투표투표~ ^^ 
2024-04-09 18:58:59,캐리골프투어,채팅 운영시간 안내
2024-04-09 18:58:59,캐리골프투어,지금은 캐리골프투어의 채팅 가능한 시간이 아닙니다. 내용을 남겨주시면 채팅이 가능한 시간에 답변 드리겠습니다.
2024-04-11 12:01:28,캐리골프투어,"안녕하세요 견적 드립니다.                                                       
*골프장 :
05월29일(수) 블랙스톤CC 13시 중반대 4팀 
05월30일(목) 테디밸리cc 08:03, 08:10, 08:10, 08:17 (16인플 조식포함)

---------------------
*숙소 :
05월29일(수) 제주 디아넥스호텔 스탠다드 트윈 8객실 1박 [룸온리] 

---------------------
*상품가
- 1인금액 : 637,000원"
2024-04-11 12:02:04,캐리골프투어,테디벨리 클럽하우스 뷔폐식 조식으로 넣어드렸고 조식시간은 7시 부터세요
2024-04-11 12:02:42,캐리골프투어,참고로 티오프 지금 잡아놓은건 아니라서 실시간 변동될 수 있습니다.
2024-04-11 12:03:28,캐리골프투어,의논해보시고 말씀주세요 점심 식사 맛있게 하세요^^
2024-04-11 12:12:34,723/523김은희,"횐들이 핀크스를 버리지 못해서... ㅠ
1일차 블랙스톤 2부(중식)+핀크스 6시 후반(두팀.두팀 티오프가능. 또는 네팀중간에 한팀 끼어도 괜찮음 )
으로 알아봐주십시오~ "
2024-04-11 12:24:55,캐리골프투어,네네 날짜 변경은 어려우시죠?
2024-04-11 12:25:35,723/523김은희,"네, 호텔과 3일차 구장이 정해져서요.."
2024-04-11 12:26:26,723/523김은희,멀어도 꼭 사이프러스 치고싶다캐서...
2024-04-11 12:26:47,723/523김은희,정말 일정 무리..빡빡합니다..🥲
2024-04-11 12:32:32,캐리골프투어,"네네 확인 감사합니다.  
핀크스는 마감이라서요 
다시 확인은 해보겠습니다."
2024-04-11 12:33:22,723/523김은희,네~ 
2024-04-11 14:05:56,캐리골프투어,"*골프장 :
05월29일(수) 블랙스톤CC 13시 중반대 4팀 
05월30일(목) 핀크스GC 06시대 4팀 

---------------------
*숙소 :
05월29일(수) 제주 디아넥스호텔 스탠다드 트윈 8객실 1박 [룸온리] 

---------------------
*상품가
- 1인금액 : 666,000원"
2024-04-11 14:06:12,캐리골프투어,가능해요 지금 바로 들어갈까요?
2024-04-11 14:07:59,723/523김은희,"잠시만요, 이닙니다"
2024-04-11 14:08:35,723/523김은희,집행부랑 의논해보아야합니다
2024-04-11 14:09:43,캐리골프투어,"네 빠른 확인 부탁드려요

2.664.000원  예약금 

계좌 안내입니다. >>>>>>>>
국민 680401-00-036929- 캐리골프투어"
2024-04-11 14:19:50,723/523김은희,"핀크스2부 때 보다 가격도 높고 
도저히 안되겠답니다.. ㅠ"
2024-04-11 14:20:39,캐리골프투어,네 1인 666.000원 에서 전에 말씀드린 25000원은 할인 드릴거고요
2024-04-11 14:21:04,캐리골프투어,641.000원 입니다.
2024-04-11 14:21:29,723/523김은희,"네, 저도 다시 말해보겠습니다"
2024-04-11 14:21:46,캐리골프투어,네~
2024-04-11 16:06:33,캐리골프투어,고객님 제가 16: 30에 외근출장이 잡혀서요 확정해드리고 나가고 싶은데 시간이 어찌될지 모르겠네요...
2024-04-11 16:07:24,723/523김은희,ㅠ 저희는 안될거같습니다..
2024-04-11 16:08:13,캐리골프투어,네네 확인 감사합니다.
2024-04-11 16:08:26,723/523김은희,"핀크스 2부. 너무 좋은걸 알았다가 
다시 셋팅하려니 다들
기운이 빠졌나봅니다..
수고에 감사합니다..ㅜ"
2024-04-11 16:09:58,캐리골프투어,네네 다음기회에 인연되시면 문의 부탁드립니다. 수고 많으셨습니다. ^^