DATE,USER,MESSAGE
2024-02-21 13:03:51,캐리골프투어,"'캐리골프투어' 입니다.  궁금한 내용이 있으면 메시지를 입력해주세요.
더 이상 채팅을 원치 않으시면 채팅목록에서 '채팅방 나가기'를 해 주세요."
2024-02-21 13:04:26,김희송,3.31부터 4.2까지 8명 제주가려합니다
2024-02-21 13:04:41,김희송,견적부탁드려요
2024-02-21 13:05:01,김희송,떼디베어는 1번 갔으면하네요
2024-02-21 13:05:18,김희송,서울에서요
2024-02-21 13:58:59,캐리골프투어,네 안녕하세요 문의주셔서 감사합니다. ~  3/31 2박3일 3색 패키지(테디베어 포함) 2팀 견적 확인후 안내드리면 되실까요?
2024-02-21 13:59:20,캐리골프투어,숙박은 골프텔 / 호텔 어느쪽으로 확인해드릴까요?
2024-02-21 15:57:55,김희송,잠만자니 저렴한걸로요
2024-02-21 15:58:11,김희송,아니면 숙소는 별도로 해주셔도 돼요
2024-02-21 15:58:39,캐리골프투어,네 골프텔로 확인 후 별도 /포함 안내드리겠습니다. ~
2024-02-21 15:58:47,김희송,넵
2024-02-21 16:08:55,캐리골프투어,둘째날은 1.2부중  언제가 편하실까요?
2024-02-21 16:09:26,김희송,1부요
2024-02-21 16:09:39,캐리골프투어,네 알겠습니다
2024-02-22 16:45:09,캐리골프투어,사진
2024-02-22 16:45:19,캐리골프투어,"안녕하세요 견적안내드립니다. 
테디벨리포함 중급 컨디션으로 구성해드렸습니다. 

자차보험 포함시 1인 1만원 추가 / 숙박제외시  1인 771.000원입니다. ~"
2024-02-22 18:04:27,김희송,오는항공편 날자확인요
2024-02-22 18:04:27,캐리골프투어,채팅 운영시간 안내
2024-02-22 18:04:27,캐리골프투어,지금은 캐리골프투어의 채팅 가능한 시간이 아닙니다. 내용을 남겨주시면 채팅이 가능한 시간에 답변 드리겠습니다.
2024-02-22 18:10:14,캐리골프투어,죄송합니다. 오타가 있었네요 4월 2일 입니다. 정정드리겠습니다.
2024-02-22 18:11:10,캐리골프투어,사진
2024-02-22 18:11:46,캐리골프투어,리턴 날짜 정정 견적 드립니다.
2024-02-29 15:03:02,김희송,"5월20부터 24일까지
남해. 여수쪽 4인이 골프여행하려합니다"
2024-02-29 15:05:06,김희송,"서울에서 렌트해서
바다전망좋은
여수경도, 아난티남해, 사우스케이프골프장 3곳 저렴하게가려하는데 될까요?"
2024-02-29 15:07:00,김희송,"여수디오션도 괜찮쿠요
특가상품있으시면 추천바랍니다"
2024-02-29 15:58:47,캐리골프투어,네 확인후 안내드리겠습니다.
2024-02-29 16:11:09,캐리골프투어,출발일은 5/20~24 중 가능하신신거죠 ? 사우스는 아난티 전달에 요금이 형성되기때문에  4월 8.9일정도에  확인해봐드려야 할것같고  여수 경도는 다음 달 정도 나올거 같습니다. 그리고 차량은 보통 자차로 움직이시는데 차량이 꼭 필요한 상황이실까요?
2024-02-29 16:12:25,김희송,5월20일출발해서 4벅5일 여정이고요
2024-02-29 16:13:18,김희송,"자차가여의치않아  백4가들어가는 여유로운
차로 렌트하려합니다"
2024-02-29 16:14:31,캐리골프투어,네 그러시면 4월초 정도에 렌트포함 견적 확인해드려볼까요?
2024-02-29 16:14:58,김희송,네 알겠습니다