DATE,USER,MESSAGE
2024-05-31 06:21:54,박광일,'긴급조인문의' 6월11일 제주 아덴힐 오전티 커플조인 가능합니까
2024-05-31 06:21:54,캐리골프투어,채팅 운영시간 안내
2024-05-31 06:21:54,캐리골프투어,지금은 캐리골프투어의 채팅 가능한 시간이 아닙니다. 내용을 남겨주시면 채팅이 가능한 시간에 답변 드리겠습니다.
2024-05-31 09:34:01,박광일,'긴급조인문의' 6월11일 제주 아덴힐 오전티 커플조인 가능합니까
2024-05-31 09:38:31,캐리골프투어,안녕하세요 문의주신 6/11 아덴힐 조인은 마감되었습니다.
2024-05-31 09:39:07,캐리골프투어,문의주신 일정에 조인 가능한 구장 리스트 보내드립니다.
2024-05-31 09:39:10,캐리골프투어,"🗓 6/11(화) ⛳테디밸리 12시중반대
👉 215,000 💑 커플조인대기

🗓 6/11(화) ⛳캐슬렉스 12시중반대
👉 135,000 💑 커플조인대기"
2024-05-31 09:39:59,박광일,캐슬렉스 조인 부탁드립니다
2024-05-31 09:41:01,캐리골프투어,네 알겠습니다 실시간 조인이라서 확인 후 안내드리겠습니다.
2024-05-31 09:41:44,박광일,넵
2024-05-31 09:41:51,캐리골프투어,네 감사합니다.
2024-05-31 09:57:17,캐리골프투어,"조인 가능하십니다.
정리해서 보내드리겠습니다^^"
2024-05-31 10:03:23,캐리골프투어,"🗓 6/11(화) ⛳캐슬렉스 12시중반대
👉 135,000 💑 커플조인대기

박광일(남1여1)님 신청 예약이 완료되었습니다

[캐슬랙스 예약 확정안내]

■골프장명: 캐슬렉스 
■예약일자: 2024-06-11(화)
■예약시간: 12시중반대
■예약자명: 박광일

▣결제금액 : 270,000원
▣결제계좌 :680401-00-036929 국민은행 캐리골프투어
* 입금자 대표자명 입금 부탁드립니다."
2024-05-31 10:03:35,캐리골프투어,성함 / 연락처 부탁드립니다.
2024-05-31 10:23:23,박광일,박광일/01063371698
2024-05-31 10:26:16,캐리골프투어,네 감사합니다.
2024-05-31 11:26:04,캐리골프투어,입금 확인 시 진행 되는 점 참고부탁드립니다.
2024-05-31 12:15:14,박광일,카트비 불포함이지요?
2024-05-31 12:16:38,캐리골프투어,네 카트비/ 캐디피 불포함 이세요
2024-05-31 12:29:13,박광일,입금했어요
2024-05-31 12:30:28,캐리골프투어,"네 270,000원 입금 확인했습니다."
2024-05-31 12:30:36,캐리골프투어,진행드리겠습니다.
2024-05-31 12:54:56,캐리골프투어,"🗓 6/11(화) ⛳캐슬렉스 12시37분
예약자명 남창식
010 5689 0770"
2024-05-31 12:54:59,캐리골프투어,조인자 정보 보내드립니다.
2024-05-31 15:04:40,캐리골프투어,사진
2024-05-31 15:04:51,캐리골프투어,예약 취소 약관 확인 부탁드립니다.