DATE,USER,MESSAGE
2024-03-01 15:08:05,캐리골프투어,"'캐리골프투어' 입니다.  궁금한 내용이 있으면 메시지를 입력해주세요.
더 이상 채팅을 원치 않으시면 채팅목록에서 '채팅방 나가기'를 해 주세요."
2024-03-01 15:08:35,틴에이져스,골프 투어 상품 문의
2024-03-01 15:08:35,캐리골프투어(메뉴),"지역(상품명), 일정, 인원수 적어주시면 자세히 상담해 드리겠습니다."
2024-03-01 15:11:40,틴에이져스,"광중2인 부부입니다. 일정은 5월 17(금),18 (토),비행기표는 17일 8시대 출 ,18일 오후6시 출발시간 으로 예약했습니다. 블랙스톤cc로 골프는 2번치는걸루 하고싶어요. "
2024-03-01 16:00:11,캐리골프투어,네 안녕하세요 22일은 마감되었습니다.
2024-03-01 16:00:27,틴에이져스,22일요? 
2024-03-01 16:00:28,캐리골프투어,23일 . 29일.  30일  접수 가능하십니다.
2024-03-01 16:00:41,틴에이져스,"5월 17,18"
2024-03-01 16:01:59,캐리골프투어,아 네 http://pf.kakao.com/_xniJnG/104302400 해당 상품 문의 아니실까요?
2024-03-01 16:08:43,틴에이져스,아..4월 29일 출 30일출 좋은데요.
2024-03-01 16:08:56,틴에이져스,항공권을 아직 못구해서요
2024-03-01 16:09:59,캐리골프투어,"네 예약접수가능하세요 
2인 출발공항이 어디이실까요?"
2024-03-01 16:10:17,틴에이져스,광주공항이요
2024-03-01 16:10:43,캐리골프투어,네 확인후 안내드리겠습니다
2024-03-01 16:15:55,틴에이져스,30일 신청할게요.
2024-03-01 16:16:04,틴에이져스,항공권 구했어요.
2024-03-01 16:16:53,캐리골프투어,"네네 알겠습니다. 

계좌 안내입니다. >>>>>>>>


국민 680401-00-036929- 캐리골프투어

예약금은 20만원입니다.


입금자명과 아래 양식으로 명단 부탁드립니다. 

(대표자 연락처/동반자 생년월일/성별 ) 

ex) 대표자 홍길동 19701010 남                     
       연락처 010 .0000.0000

      동반자  홍길동19711010 여"
2024-03-01 16:20:46,캐리골프투어,29.30일 / 30.31일 양일 중 어느일정이실까요?
2024-03-01 16:21:13,틴에이져스,4월 30일이요
2024-03-01 16:22:03,틴에이져스,저는 4월30일 5월1일 신청합니다 
2024-03-01 16:22:03,캐리골프투어,네 알겠습니다.
2024-03-01 16:22:18,틴에이져스,"각 380,000이죠?"
2024-03-01 16:23:05,캐리골프투어,네 그렇습니다.  1인 기준  380.000원
2024-03-01 16:23:08,캐리골프투어,입니다.
2024-03-01 16:23:36,틴에이져스,혹시 통화가능하세요?
2024-03-01 16:24:03,캐리골프투어,네네 가능합니다.
2024-03-01 16:31:05,틴에이져스,"대표자  박미 1981.02.12 여
 연란처   01055122039

동반자  임진섭 1979.01.14 남"
2024-03-01 16:33:01,캐리골프투어,네 확인했습니다. 자차포험은 저희가 부담 해드리겠습니다.
2024-03-01 16:34:38,캐리골프투어,박미 고객님 예약금 20만원 확인했습니다
2024-03-01 16:35:06,캐리골프투어,접수진행하겠습니다.
2024-03-01 16:35:13,틴에이져스,네~ 롯데스카이 회원제변경시 각 3만원 인가요?
2024-03-01 16:35:36,틴에이져스,회원제가 많이 좋나요?
2024-03-01 16:35:43,틴에이져스,차이가클까요?
2024-03-01 16:36:14,캐리골프투어,"회원제 코스는 대중제 코스보다 전장이 조금 더 길며, 난이도가 높은 편입니다."
2024-03-01 16:36:20,틴에이져스,티업시간 최대한 느린시간 부탁 합니당
2024-03-01 16:36:48,캐리골프투어,네 말씀대로 요청넣겠습니다.
2024-03-01 16:36:52,틴에이져스, 회원제는 남편과 상의후 톡 드릴게요.
2024-03-01 16:37:09,캐리골프투어,네네 알겠습니다
2024-03-01 16:48:17,캐리골프투어,제주도 1박2일 견적 일정표 (박미) (1).xlsx
2024-03-01 16:48:44,캐리골프투어,확정서 보내드립니다.
2024-03-01 18:05:58,틴에이져스,저희는 각 3만원추가하고 회원코스로 하겠습니다.
2024-03-01 18:05:58,캐리골프투어,채팅 운영시간 안내
2024-03-01 18:05:58,캐리골프투어,지금은 캐리골프투어의 채팅 가능한 시간이 아닙니다. 내용을 남겨주시면 채팅이 가능한 시간에 답변 드리겠습니다.
2024-03-01 18:25:09,캐리골프투어,네 알겠습니다
2024-03-04 17:59:30,캐리골프투어,사진
2024-03-04 17:59:55,캐리골프투어,안녕하세요 고객님 확정일정표 전달드립니다.
2024-03-04 18:01:21,캐리골프투어,회원제(스카이힐) 적용/ 자차보험 서비스가입 적용드렸습니다.
2024-03-04 18:01:39,캐리골프투어,"확인하시고 잔금 확인부탁드립니다.
계좌 안내입니다. >>>>>>>>


국민 680401-00-036929- 캐리골프투어

잔금은 62만원입니다."
2024-03-04 18:01:48,틴에이져스,30일날 1시23분은 너무 늦지않나요?
2024-03-04 18:01:48,캐리골프투어,채팅 운영시간 안내
2024-03-04 18:01:48,캐리골프투어,지금은 캐리골프투어의 채팅 가능한 시간이 아닙니다. 내용을 남겨주시면 채팅이 가능한 시간에 답변 드리겠습니다.
2024-03-04 18:02:30,틴에이져스,12시대로 해주시면 좋겠는데요..ㅎ
2024-03-04 18:02:30,캐리골프투어,채팅 운영시간 안내
2024-03-04 18:02:30,캐리골프투어,지금은 캐리골프투어의 채팅 가능한 시간이 아닙니다. 내용을 남겨주시면 채팅이 가능한 시간에 답변 드리겠습니다.
2024-03-04 18:03:29,캐리골프투어,네 확인해보겠습니다.
2024-03-04 18:03:53,틴에이져스,부태드립니다.꾸벅
2024-03-04 18:03:53,캐리골프투어,채팅 운영시간 안내
2024-03-04 18:03:53,캐리골프투어,지금은 캐리골프투어의 채팅 가능한 시간이 아닙니다. 내용을 남겨주시면 채팅이 가능한 시간에 답변 드리겠습니다.
2024-03-04 18:08:11,캐리골프투어,네 죄송하지만 행사건이라 어려우실 수 있는데  일단 해당 담당쪽에서 퇴근을 해서 내일 정확하게 확인해드려야 할것같습니다.
2024-03-04 18:09:18,틴에이져스,"그래도..시간이 너무 늦은듯요..ㅎ 
처음에 12시대라고 하셔서.. "
2024-03-04 18:09:18,캐리골프투어,채팅 운영시간 안내
2024-03-04 18:09:18,캐리골프투어,지금은 캐리골프투어의 채팅 가능한 시간이 아닙니다. 내용을 남겨주시면 채팅이 가능한 시간에 답변 드리겠습니다.
2024-03-04 18:09:37,틴에이져스,내일 확인하시고 연락주세요.
2024-03-04 18:09:37,캐리골프투어,채팅 운영시간 안내
2024-03-04 18:09:37,캐리골프투어,지금은 캐리골프투어의 채팅 가능한 시간이 아닙니다. 내용을 남겨주시면 채팅이 가능한 시간에 답변 드리겠습니다.
2024-03-04 18:10:45,캐리골프투어,네 알겠습니다. 확인후 연락드리겠습니다.
2024-03-05 13:51:22,캐리골프투어,안녕하세요 확인결과 죄송하지만 시간 조정이 어렵다고합니다. 도움 드리지 못해 죄송합니다.
2024-03-05 14:39:57,틴에이져스,알겠습니다.
2024-03-05 14:40:17,틴에이져스,현금영수증 가능하시나요?
2024-03-05 14:52:49,틴에이져스,잔금 입금했습니다. 
2024-03-05 15:00:52,캐리골프투어,"네네 잔금 62만원 입금 확인했습니다. 
현금 영수증 발행가능합니다
여행업 특성상 알선수수료(1인20.000)에 대해서만 발행이 가능합니다."
2024-03-05 15:01:37,틴에이져스,현금영수증 해주세요.
2024-03-05 15:06:27,캐리골프투어,네 알겠습니다
2024-03-05 15:13:46,캐리골프투어,박미님으로 발행해드리면 될까요?
2024-03-05 15:15:02,틴에이져스,네 01055122039
2024-03-05 15:15:22,캐리골프투어,주민번호 뒷자리도 부탁드립니다.
2024-03-05 15:16:38,틴에이져스,2621625
2024-03-05 15:16:52,틴에이져스,주민번호가 들어가야하나요?
2024-03-05 15:16:59,캐리골프투어,네 확인감사합니다.
2024-03-05 15:17:30,틴에이져스,주민번호 삭제 부탁드려요 
2024-03-05 15:27:23,캐리골프투어,네네 알겠습니다. 현금영수증 발행외에 따로 보관은 하지 않습니다.
2024-03-05 15:32:39,틴에이져스,네
2024-03-05 15:46:31,캐리골프투어,네 발급완료드렸습니다.
2024-03-08 14:37:11,캐리골프투어,사진
2024-03-08 14:37:14,캐리골프투어,"안녕하세요 고객님 
확정 일정표 확인 부탁드립니다.

확인 후 잔금(620.000원) 금일중 입금 확인후
최종 확정됩니다.

계좌안내입니다. >>>>

국민은행  680401-00-036929 캐리골프투어"
2024-03-08 14:38:02,캐리골프투어,잠시만요
2024-03-08 14:39:18,캐리골프투어,잔금 입금 하셨었네요 일정만 확인해주시면 되실것 같습니다.