DATE,USER,MESSAGE
2024-09-25 06:50:14,☆하정원☆,1부. 2부 티업시간 좀 알수 있을까요???
2024-09-25 06:50:14,캐리골프투어,채팅 운영시간 안내
2024-09-25 06:50:14,캐리골프투어,지금은 캐리골프투어의 채팅 가능한 시간이 아닙니다. 내용을 남겨주시면 채팅이 가능한 시간에 답변 드리겠습니다.
2024-09-25 11:29:03,캐리골프투어,안녕하세요. 혹시 보신 상품 있으실까요?
2024-09-25 11:34:26,☆하정원☆,제주요
2024-09-25 12:07:13,캐리골프투어,네 어떤 패키지 보셨을까요?
2024-09-25 12:33:02,☆하정원☆,제주 1박2일은 티업시간이 대강 어떻게 되느냐는 질문입니다.
2024-09-25 12:57:12,캐리골프투어,"1일차 2부 티업시간은 대략 12시 정도 이시고, 
2일차 1부 티업시간은 대략 9시 정도이십니다."