DATE,USER,MESSAGE
2024-06-30 16:26:33,캐리골프투어,"안녕하세요. 무엇을 도와드릴까요?
- 이전 페이지: https://www.carrygolftour.com/product/2428694"
2024-06-30 16:28:03,박준희,"2인 예약하려고 합니다
워이하이포인트cc는 꼭 가고 싶은데요
3일차에 호당가로 바뀔 가능성이 높습니까?"
2024-06-30 16:28:21,박준희,골프 투어 상품 문의
2024-06-30 16:28:21,캐리골프투어(메뉴),"지역(상품명), 일정, 인원수 적어주시면 자세히 상담해 드리겠습니다."
2024-06-30 16:29:29,박준희,"위해 워이하이포인트cc
9/14~17, 3박4일
남1명 여1명"
2024-06-30 16:31:33,캐리골프투어,안녕하세요 출발 공항이 어디실까요?
2024-06-30 16:32:26,박준희,인천
2024-06-30 16:32:47,캐리골프투어,네 확인 감사합니다 익일 확인 후 안내드려도 될까요?
2024-06-30 16:32:52,박준희,네네
2024-06-30 16:33:20,캐리골프투어,네 감사합니다 편안한 오후 보내세요^^
2024-06-30 16:33:35,박준희,"2박3일도 괜찮습니다
웨이하이포인트cc는 꼭 가야합니다
연락주셔요~"
2024-06-30 16:34:19,캐리골프투어,네 알겠습니다 메모 해놓겠습니다 감사합니다^^
2024-06-30 16:34:27,박준희,"9월 14일 출발은 3박4일
9월 15일 출발은 2박3일이요! "
2024-06-30 16:34:35,박준희,감사합니다! 
2024-06-30 16:34:48,캐리골프투어,네 알겠습니다 감사합니다^^
2024-07-01 13:20:54,캐리골프투어,"안녕하세요 아래 상품 중 어떤 상품 원하실까요?
포인트18 +호당가 27+스톤 18=63홀
비아이피18 +스톤18+ 포인트 18=54홀
포인트18+포인트1+비아이피18=54홀-포인트투숙"
2024-07-01 13:21:32,박준희,"웨이하이포인트 = 포인트 
같은건가요?"
2024-07-01 13:21:46,캐리골프투어,네  맞습니다^^
2024-07-01 13:22:26,박준희,번거로우시겠지만 저 3가지 각 가격좀 알려주시겠요?
2024-07-01 13:22:38,캐리골프투어,네 알겠습니다 정리해서 안내드리겠습니다.
2024-07-01 13:22:51,박준희,3가지 다 14일에 출발하는 3박4일짜리네요
2024-07-01 13:22:56,박준희,좋습니다
2024-07-01 13:23:15,캐리골프투어,네 맞습니다 감사합니다^^
2024-07-01 13:36:20,캐리골프투어,"확인해보니 비아이피 골프장은 조인이 안될 시 예약 불가라고 확인이 됩니다. 

포인트18 +호당가 27+스톤 18=63홀
으로 견적 확인 드릴까요?"
2024-07-01 13:37:19,박준희,포인트 포인트 스톤
2024-07-01 13:37:25,박준희,은 안될까요?
2024-07-01 13:39:49,캐리골프투어,포인트 골프장이 원래는 2인이 불가하신데 1회 라운딩이면 저희가 해드릴 수 있지만 2회는 불가하실 것 같습니다^^
2024-07-01 13:40:33,박준희,아 그렇군요
2024-07-01 13:41:31,캐리골프투어,네 포인트18 +호당가 27+스톤 18=63홀으로 견적 확인 후 안내 드릴까요?
2024-07-01 13:41:37,박준희,"포인트18 +호당가 27+스톤 18=63홀

=> 호당가를 18홀만 치는걸로도 가능하지요?"
2024-07-01 13:44:00,캐리골프투어,네 확인 후 안내드리겠습니다^^
2024-07-01 13:45:10,캐리골프투어,"호당가 18홀로 변경 가능하시고, 요금은 동일합니다^^"
2024-07-01 13:45:21,박준희,아
2024-07-01 13:45:50,캐리골프투어,"포인트18 +호당가 27+스톤 18=63홀 : 999,000원

포함사항 : 숙박비(2인 1실), 조/석식, 골프(그린피,,라커실),항공+유택
불포함사항 : 클럽중식(100원/끼/인~) 및 카트피+캐디피 300원/18홀/인 ,캐디팁(100원/18홀/인),미팅센딩비 300원/인,

** 호텔싱글룸차지는 5만/박/인 추가 입니다.
** 니스해태온천리조트로 변경 시 10만/인 인상
**2인,3인으로 인한 포인트 카트싱글차지 별도 지불 조건"
2024-07-01 13:46:08,캐리골프투어,견적 안내드립니다^^
2024-07-01 13:47:48,박준희,"100원=100위안?
300원=300위안?"
2024-07-01 13:50:51,캐리골프투어,위안입니다.
2024-07-01 13:51:18,박준희,네 
2024-07-01 13:51:48,캐리골프투어,네 혼선을 드려 죄송합니다.
2024-07-01 13:51:48,박준희,"동반자랑 상의후 연락 드리겠습니다
감사합니다"
2024-07-01 13:51:52,캐리골프투어,"포인트18 +호당가 27+스톤 18=63홀 : 999,000원

포함사항 : 숙박비(2인 1실), 조/석식, 골프(그린피,,라커실),항공+유택
불포함사항 : 클럽중식(100위안/끼/인~) 및 카트피+캐디피 300위안/18홀/인 ,캐디팁(100위안/18홀/인),미팅센딩비 300위안/인,

** 호텔싱글룸차지는 5만/박/인 추가 입니다.
** 니스해태온천리조트로 변경 시 10만/인 인상
**2인,3인으로 인한 포인트 카트싱글차지 별도 지불 조건"
2024-07-01 13:52:17,캐리골프투어,네 알겠습니다 궁금하신 내용 있으시면 편하게 말씀주세요 감사합니다^^
2024-07-01 13:52:29,박준희,2인으로 인한 포인트 카틔싱글차지는 얼마일까요?
2024-07-01 13:52:58,박준희,2인으로 인한 포인트 카트싱글차지는 얼마일까요?
2024-07-01 13:55:16,캐리골프투어,2인일때  카트싱글차지는 400위안 /18홀 입니다^^
2024-07-01 14:43:18,박준희," 포인트18 +호당가 27+스톤 18=63홀

카트싱글차지는 포인트만 해당 되는건가요?"
2024-07-01 17:31:07,캐리골프투어,네 맞습니다^^
2024-07-01 17:51:52,박준희,네 확인 감사합니다.
2024-07-01 18:32:09,캐리골프투어,네 편안한 오후 되세요 감사합니다^^
2024-07-01 19:06:53,박준희,"3일 내내 2인플레이 하는건가요? 
조인인가요?"
2024-07-01 19:06:53,캐리골프투어,채팅 운영시간 안내
2024-07-01 19:06:53,캐리골프투어,지금은 캐리골프투어의 채팅 가능한 시간이 아닙니다. 내용을 남겨주시면 채팅이 가능한 시간에 답변 드리겠습니다.
2024-07-01 19:11:52,캐리골프투어,3일 모두 2인 플레이 이십니다^^
2024-07-01 19:12:26,캐리골프투어,2인 플래이 기준 견적이십니다^^
2024-07-01 19:17:43,박준희,감사합니다
2024-07-01 19:17:43,캐리골프투어,채팅 운영시간 안내
2024-07-01 19:17:43,캐리골프투어,지금은 캐리골프투어의 채팅 가능한 시간이 아닙니다. 내용을 남겨주시면 채팅이 가능한 시간에 답변 드리겠습니다.
2024-07-01 19:23:45,캐리골프투어,네 감사합니다^^
2024-07-02 15:53:37,박준희,언제까지 확정 드려야 하나요? 
2024-07-02 16:08:51,캐리골프투어,안녕하세요 한정상품이라 선착순 마감 되고 있어서 가급적 금주 중으로 확정 주시면 좋을 것 같습니다^^
2024-07-02 16:09:18,박준희,계약금은 얼마 걸어요?
2024-07-02 16:09:52,박준희,비자는요?
2024-07-02 16:16:38,캐리골프투어,"계약금은 30만/인 이시고, 도착비자 비용은 45,000원/인 입니다^^"
2024-07-02 16:17:02,박준희,"비자를 해주시는거네요
여권사진이 필요하실까요?"
2024-07-02 16:18:26,캐리골프투어,네 여권 사본 필요합니다^^
2024-07-02 16:18:30,박준희,"2인 계약금 60만원에 비자9만
총 69만원 입금 드릴께요
계좌번호 주셔요"
2024-07-02 16:18:54,박준희,입금 및 여권사진 전달은 내일 하겠습니다!
2024-07-02 16:18:58,캐리골프투어,네 알겠습니다 견적 정리해서 안내드리겠습니다 감사합니다^^
2024-07-02 16:19:08,박준희,네 감사드립니다!
2024-07-02 16:19:21,박준희,일정 취소되거나 그렇진 않겠지요?
2024-07-02 16:22:40,캐리골프투어,네 그렇습니다^^
2024-07-02 16:25:51,박준희,네 감사해요^^
2024-07-02 16:26:01,박준희,내일 연락드리겠습니다!
2024-07-02 16:26:19,캐리골프투어,네 알겠습니다 편안한 오후시간 되세요 감사합니다^^
2024-07-02 17:21:15,캐리골프투어,"*상품구성 :
■항공 :
9/14(토) 인천-웨이하이  7C8501   9:30
9/17(화) 웨이하이-인천  7C8502  11:50

■9/14(토) 홀리데이이호텔(특급) 3박 1객실
■9/14(토) 웨이하이 포인트 18홀
■9/15(일) 호당가 27홀
■9/16(월) 스톤 18홀

포함 : 숙박비(2인 1실), 조/석식, 골프(그린피,,라커실),항공+유택
불포함 : 클럽중식(100위안/끼/인~) 및 카트피+캐디피 300위안/18홀/인 ,캐디팁(100위안/18홀/인),미팅센딩비 300위안/인,

1인 견적가: 999,000원


예약금 입금안내 >>>>>>>>>>>>>>>


①예약금
- 690,000원 (1인 300,000원×2+90,000원(비자))

- 예약금 결제일 : ~07월3일
* 입출금 내역이 많아 송금후 연락 부탁드립니다.

- 잔 금 결제일 : ~예약완료후 확정서 발송일
②잔 금 :
- 1,398,000원
* 입출금 내역이 많아 송금후 연락부탁드립니다.

③총 액 :
① + ② = 2,088,000원

입금계좌 :
680401-00-036929 국민은행 캐리골프투어"
2024-07-02 17:21:29,캐리골프투어,견적서 안내드립니다^^
2024-07-02 17:23:46,캐리골프투어,"웨이하이 포인트, 호당가, 스톤 모두 골프장에서 조인 해주시면 4인 플레이 되실 수 도 있는데 괜찮으실까요? 
웨이하이 같은 경우는 조인 되시면 싱글차지비가 별도로 나오지 않습니다^^"
2024-07-02 17:35:56,박준희,네 조인되면 하겠습니다
2024-07-02 17:36:23,캐리골프투어,네 알겠습니다 확인 감사합니다^^
2024-07-02 17:36:45,박준희,"웨이하이만 조인이 되면 하고 
나머지 두군데는 2인플레이 할께요"
2024-07-02 18:24:00,캐리골프투어,네 알겠습니다 메모 해놓겠습니다 감사합니다^^
2024-07-03 16:59:27,박준희,예약금 69만원 입금 완
2024-07-03 16:59:39,박준희,"입금자 박준희
확인 부탁드립니다"
2024-07-03 16:59:47,박준희,사진
2024-07-03 17:00:13,박준희,사진
2024-07-03 17:02:23,캐리골프투어,"안녕하세요 690,000원 입금 확인 하였습니다. 예약 진행 도와드리겠습니다. 감사합니다^^"
2024-07-03 17:03:37,박준희,인천공항에서는 그냥 가서 중국현지가서 가이드님이 공항 나오시는거 맞지요?
2024-07-03 17:09:41,캐리골프투어,네 맞습니다 자세한 사항은 정리해서 내일 중으로 안내드리겠습니다^^
2024-07-03 17:09:47,박준희,네네
2024-07-03 17:09:59,캐리골프투어,네 편안한 오후 되세요 감사합니다^^
2024-07-04 11:08:56,캐리골프투어,안녕하세요 일정표 안내드립니다^^
2024-07-04 11:08:58,캐리골프투어,사진
2024-07-04 11:09:10,캐리골프투어,중국 공항에서 가이드가 피켓들고 손님 기다리고 있으실겁니다^^
2024-07-04 11:09:59,캐리골프투어,피켓명은 추후 안내드리겠습니다^^
2024-07-04 11:12:31,캐리골프투어,연휴블럭좌석이라서 만약 캔슬시 패널티 발생하니 참고 부탁드립니다^^
2024-07-04 11:33:43,박준희,"일 월
티업시간을 좀 늦출수는 없을까요"
2024-07-04 11:34:27,박준희,10시~11시쯤 이면 베스트일것 같은데요
2024-07-04 11:49:28,캐리골프투어,네 확인 후 안내드리겠습니다.
2024-07-04 11:53:12,캐리골프투어,중국 연휴 추석기간이라서 저희가 티를 블럭으로 잡아놓은거라서 티업시간 변경은 어려우세요^^
2024-07-04 12:45:50,박준희,ㅜㅜ
2024-08-19 18:44:31,캐리골프투어,안녕하세요. 추석 연휴 티켓이라 캔슬 시 50만/인 발생하는 점 참고 부탁드립니다.
2024-08-19 18:44:42,캐리골프투어,사진
2024-08-19 19:58:53,박준희,"네 확인 완료입니다
감사합니다^^"
2024-08-19 19:58:53,캐리골프투어,채팅 운영시간 안내
2024-08-19 19:58:53,캐리골프투어,지금은 캐리골프투어의 채팅 가능한 시간이 아닙니다. 내용을 남겨주시면 채팅이 가능한 시간에 답변 드리겠습니다.
2024-08-19 20:02:04,캐리골프투어,네 감사합니다 편안한 밤되세요^^
2024-08-19 20:13:38,박준희,"한가지 확인부탁드립니다
첫날 
포인트cc 
2인라운딩 확정이지요? "
2024-08-19 20:13:38,캐리골프투어,채팅 운영시간 안내
2024-08-19 20:13:38,캐리골프투어,지금은 캐리골프투어의 채팅 가능한 시간이 아닙니다. 내용을 남겨주시면 채팅이 가능한 시간에 답변 드리겠습니다.
2024-08-19 20:19:56,캐리골프투어,네 익일 확인 후 안내드리겠습니다. 감사합니다^^
2024-08-19 20:22:23,박준희,네 감사해요! 
2024-08-19 20:22:23,캐리골프투어,채팅 운영시간 안내
2024-08-19 20:22:23,캐리골프투어,지금은 캐리골프투어의 채팅 가능한 시간이 아닙니다. 내용을 남겨주시면 채팅이 가능한 시간에 답변 드리겠습니다.
2024-08-19 20:26:37,박준희,"낼 회신주실때
기온(복장준비시 필요)에 대한 팁도 같이 회신 부탁드려요~
편한밤 되세요^^"
2024-08-19 20:26:38,캐리골프투어,채팅 운영시간 안내
2024-08-19 20:26:38,캐리골프투어,지금은 캐리골프투어의 채팅 가능한 시간이 아닙니다. 내용을 남겨주시면 채팅이 가능한 시간에 답변 드리겠습니다.
2024-08-19 20:27:15,캐리골프투어,네 알겠습니다. 확인 후 안내드리겠습니다♡^
2024-08-19 20:27:19,캐리골프투어,^^
2024-08-20 11:18:46,캐리골프투어,"안녕하세요 골프장 예약은 다 들어갔지만 티업시간과 조인 여부는 7일 전에 골프장 측에서 알려주십니다.
7일 전 확정서와 같이 말씀드리겠습니다.
중국 웨이하이 추석 일정 기온은 21~25도 사이입니다.
가볍고 편안한 복장 추천드립니다. 날씨가 조금 쌀쌀할 수 있으니 가디건이나 바람막이를 챙겨가시는 것도 좋으실 것 같습니다^^"
2024-08-20 11:28:35,캐리골프투어,죄송하지만 강호영님 여권 사본이 잘려있으셔서 여권이 모두 잘 보이도록 재발송 부탁드립니다.
2024-08-21 09:04:34,캐리골프투어,안녕하세요 금일 중으로 강호영님 여권 사진 부탁드립니다. 비자 발급을 해야해서요^^
2024-08-21 13:39:08,박준희,네~
2024-08-21 13:40:35,박준희,사진
2024-08-21 14:03:25,캐리골프투어,"네 여권의 밑부분이 손가락에 가려져있습니다.
번거로우시겠지만 다시 한번 확인 부탁드립니다. 감사합니다^^"
2024-08-21 15:12:14,박준희,"네~
한시간정도 후에 보낼께요~"
2024-08-21 15:56:05,캐리골프투어,네 감사합니다^^
2024-08-21 16:09:54,박준희,사진
2024-08-21 16:10:05,박준희,확인 부탁드려요
2024-08-21 16:10:31,캐리골프투어,네 확인 되었습니다. 감사합니다^^
2024-08-21 16:10:41,박준희,네 수고하세요
2024-08-21 16:10:58,캐리골프투어,네 좋은하루되세요. 감사합니다^^
2024-09-03 18:44:13,캐리골프투어,안녕하세요 확정서 안내드립니다^^
2024-09-03 18:44:21,캐리골프투어,사진
2024-09-03 18:45:19,캐리골프투어,익일까지 잔금 부탁드립니다^^
2024-09-03 18:45:55,캐리골프투어,"①예약금
- 690,000원 (1인 300,000원×2+90,000원(비자))

- 예약금 결제일 : 입금 완료
* 입출금 내역이 많아 송금후 연락 부탁드립니다.

- 잔 금 결제일 : ~9월 4일
②잔 금 :
- 1,398,000원
* 입출금 내역이 많아 송금후 연락부탁드립니다.

③총 액 :
① + ② = 2,088,000원

입금계좌 :
680401-00-036929 국민은행 캐리골프투어"
2024-09-04 15:31:00,박준희,혹시 카드결재는 안될까요? 
2024-09-04 15:44:23,캐리골프투어,안녕하세요 카드결제는 알선 수수료 부분만 카드 결제 가능하십니다^^
2024-09-04 15:50:56,캐리골프투어,"죄송합니다. 말씀을 잘못드렸습니다.
카드결재는 불가하십니다."
2024-09-04 15:51:12,박준희,네 알겠습니다
2024-09-04 15:51:20,캐리골프투어,네 감사합니다^^
2024-09-04 15:56:12,캐리골프투어,현금가 기준으로 저렴하게 만든 상품입니다. 양해부탁드립니다^^
2024-09-04 16:01:22,박준희,신진아(캐리골프투어
2024-09-04 16:01:29,박준희,예금주 맞는거지요?
2024-09-04 16:01:39,캐리골프투어,네 맞습니다^^
2024-09-04 16:02:00,박준희,박준희 입금 완료 입니다
2024-09-04 16:02:04,박준희,확인 부탁드립니다
2024-09-04 16:02:54,캐리골프투어,"네 1,398,000원 입금확인 되었습니다. 감사합니다^^"
2024-09-04 16:06:38,박준희,불포함 차지비는 환전해서 준비해야하는거지요? 인당 총 얼마정도 환전해야 넉넉할까요?
2024-09-04 16:06:52,박준희,한국금액으로좀 부탁드릴께요
2024-09-04 16:09:13,캐리골프투어,네 알겠습니다. 확인 후 말씀드리도록 하겠습니다^^
2024-09-04 16:30:55,캐리골프투어,넉넉하게 인당 50만원 정도 환전 하시면 되실 것 같습니다^^
2024-09-04 16:32:25,박준희,"네 알겠습니다
감사합니다"
2024-09-04 16:32:44,캐리골프투어,네 좋은하루 되세요 감사합니다^^
2024-09-11 15:04:58,박준희,안녕하세요
2024-09-11 15:05:14,박준희,환전관련 문의드립니다
2024-09-11 15:05:25,캐리골프투어,네 안녕하세요^^
2024-09-11 15:05:45,박준희,100위안짜리로만 가져가면 불편할까요? 
2024-09-11 15:11:16,캐리골프투어,네 보통은 50위안과 100위안 같이 환전해가십니다^^
2024-09-11 15:11:58,박준희,현지에서 50위안으로 바꾸는거는 힘들까요? 
2024-09-11 15:12:35,캐리골프투어,네 현지 직원분께 확인 후 말씀드려도 될까요?
2024-09-11 15:12:46,박준희,네네
2024-09-11 15:13:02,박준희,회신주시면 감사하겠습니다
2024-09-11 15:13:07,캐리골프투어,네 비자 관련 안내드립니다^^
2024-09-11 15:13:12,캐리골프투어,사진
2024-09-11 15:13:15,캐리골프투어,사진
2024-09-11 15:14:36,캐리골프투어,"상기 2개의 이미지를 프린트해가셔서 비행기 탑승하시고, 중국 공항 도착 후 비자 원본 발급받으시면 되십니다. 귀국 시까지 사용하는 비자이니 분실하지 않도록 부탁드립니다^^"
2024-09-11 15:15:05,박준희,네 알겠습니다~
2024-09-11 15:16:16,캐리골프투어,비자 원본 발급 받으시는 곳은 공항 도착 후 이미그레이션 지나기전에 있습니다. 사람들이 줄서 있으니 찾기 어려우시지 않을 것 같습니다^^
2024-09-11 15:16:35,캐리골프투어,위안 관련된 부분은 확인 후 안내드리도록 하겠습니다. 감사합니다^^
2024-09-11 15:16:53,박준희,네~
2024-09-11 15:17:12,캐리골프투어,네 감사합니다^^
2024-09-11 15:17:39,박준희,"연휴때 태풍 온다는데 ㅜㅜ
특이사항 있을까요? "
2024-09-11 15:18:25,캐리골프투어,그 부분도 같이 확인 후 안내드리도록 하겠습니다^^
2024-09-11 15:20:15,박준희,네~
2024-09-11 16:47:19,캐리골프투어,"100달러로만 환전해가셔도 될 것 같습니다.
웨이하이는 태풍이 거의 없는 지역이긴한데 만약 태풍으로 인히 골프 라운딩 불가 시 환불되십니다^^"
2024-09-11 16:51:24,박준희,네 확인 감사합니다^^
2024-09-11 17:15:05,캐리골프투어,네 편안한 오후 되세요 감사합니다^^
2024-09-13 08:30:36,박준희,"문의 드립니다.

1. 항공 7C8501 출발도착이 1030~1050 ?
명확한 출발시간 10시반이 맞는지요

2. 현지 호텔룸과 클럽하우스 사우나탕에 샴푸린스 있는지요

3. 확정서에 조인 여부는 나와있지 않습니다 2인 플레이 가능한지 회신 부탁드립니다

4. 라운딩 때 물은 캐디분이 준비해 오시나요 저희가 준비해야하나요 "
2024-09-13 08:30:36,캐리골프투어,채팅 운영시간 안내
2024-09-13 08:30:36,캐리골프투어,지금은 캐리골프투어의 채팅 가능한 시간이 아닙니다. 내용을 남겨주시면 채팅이 가능한 시간에 답변 드리겠습니다.
2024-09-13 09:41:30,캐리골프투어,안녕하세요^^
2024-09-13 09:41:31,캐리골프투어,"1. 항공 7C8501 출발도착이 1030~1050 ?
명확한 출발시간 10시반이 맞는지요
>> 네 맞습니다. 시차 때문에 출발 시간은 한국시간, 도착시간은 중국시간으로 표기 됩니다. 실제 비행시간은 40분 정도입니다.

2. 현지 호텔룸과 클럽하우스 사우나탕에 샴푸린스 있는지요
>> 샴푸, 린스 있습니다.

3. 확정서에 조인 여부는 나와있지 않습니다 2인 플레이 가능한지 회신 부탁드립니다
>> 죄송하지만 연휴 기간이라 모두 조인이 되었습니다. 웨이하이만 조인 원하신다고 구장 측에 말씀드려놓았는데 저희가 조인을 해드리는게 아니고 구장에서 조인을 진행하는 점 양해 부탁드립니다. 

4. 라운딩 때 물은 캐디분이 준비해 오시나요 저희가 준비해야하나요
>> 물은 고객님께서 준비해주시면 되십니다^^"
2024-09-13 10:43:29,박준희,"네 확인 감사합니다
3번에 대해서는 포인트CC만 조인될지 아닐지 일주일전에 알려주신다고 하셨었는데
나머지 두군데는 2인플레이라고 확정이라고 하지 않으셨나요
"
2024-09-13 10:45:34,캐리골프투어,네 재확인 후 안내드리도록 하겠습니다. 죄송합니다.
2024-09-13 10:51:25,캐리골프투어,골프장 측에서 연휴라 손님이 너무 많아 모두 조인을 하였다고 합니다. 불편을 드려 정말 죄송합니다.
2024-09-13 10:52:33,캐리골프투어,치시는 날까지 최대한 노력해보겠습니다.
2024-09-13 11:18:41,박준희,가기 전날인데 확정을 지어주시면 감사하겠습니다
2024-09-13 11:19:22,박준희,"1군데 제외하고는 2인플레이 확정이어서 예약한것인데요
골프장에서 조인을 했다라고 무책임하게 말씀하시면 어떡합니까"
2024-09-13 11:20:50,박준희,2인플레이 진행해주시든가 환불규정 안내해주세요 ㅠㅠ
2024-09-13 11:37:37,캐리골프투어,네 죄송합니다. 확인 후 안내드리도록 하겠습니다.
2024-09-13 11:58:54,캐리골프투어,"확인 결과, 포인트 조인은 완료되었습니다. 나머지 두 개의 구장은 골프장에서 당일 조치를 취하는 방식이라 직접 방문하셔야 조인 여부를 알 수 있습니다. 가이드분께는 이미 말씀드렸으며, 최선을 다해 협조해 주신다고 하셨습니다.

원래는 2인 플레이가 가능하지만, 연휴 기간이라 많은 분들이 몰려 이렇게 된 점 양해 부탁드립니다. 또한, 연휴 기간이라 전액 환불이 어려운 점도 양해 부탁드립니다. 최대한 도와드리고자 노력하겠습니다. 불편을 드려 대단히 죄송합니다."
2024-09-13 13:15:53,박준희,"나머지 두 개의 구장은 골프장에서 당일 조치를 취하는 방식이라 직접 방문하셔야 조인 여부를 알 수 있음에도 불구하고
2인플레이로 예약을 받으신 건가요..

현장에서야 안된다고 하면 그만일텐데요 가이드님이 최선을 다한다고해도 골프장에서 안된다고 하면 그만 아닌까요

현지 가이드분께 현장가서 얼굴 붉히지 않도록 저희꺼 2인플레이 확답 받고 회신 주시면 감사하겠습니다"
2024-09-13 13:46:24,캐리골프투어,네 골프장 측에 오전에 말씀 드리긴 했는데 아직 답을 안주셔서요.  골프장 측에서 연락 오는대로 말씀드리도록 하겠습니다.
2024-09-13 13:57:51,박준희,네
2024-09-13 14:05:41,캐리골프투어,네 불편을 드려 죄송합니다.
2024-09-13 14:13:22,박준희,원래의 조건으로 될수 있게만 애써주세요
2024-09-13 14:13:50,캐리골프투어,네 알겠습니다. 최대한 노력해보도록 하겠습니다^^
2024-09-13 14:35:24,박준희,회신오는데로 바로 연락부탁드려요
2024-09-13 14:35:44,캐리골프투어,네 알겠습니다.
2024-09-13 19:24:32,캐리골프투어,죄송하지만 골프장 측에서 조인 여부는 알 수 없다는 답변만 계속 받고 있습니다.
2024-09-13 20:19:40,박준희,ㅜㅜ
2024-09-13 20:19:40,캐리골프투어,채팅 운영시간 안내
2024-09-13 20:19:40,캐리골프투어,지금은 캐리골프투어의 채팅 가능한 시간이 아닙니다. 내용을 남겨주시면 채팅이 가능한 시간에 답변 드리겠습니다.
2024-09-20 11:22:38,캐리골프투어,"안녕하세요 여행 어떠셨을까요?
구장 상태나 숙소 상태 등
불편한 점은 없으셨을까요?"
2024-09-23 19:00:18,박준희,"회신이 늦었습니다.
그냥 그 나름대로 재밌게 놀고 왔습니다 감사합니다."
2024-09-23 19:00:18,캐리골프투어,채팅 운영시간 안내
2024-09-23 19:00:18,캐리골프투어,지금은 캐리골프투어의 채팅 가능한 시간이 아닙니다. 내용을 남겨주시면 채팅이 가능한 시간에 답변 드리겠습니다.
2024-09-24 09:16:14,박준희,"안녕하세요.
혹시 저희랑 같이 라운딩했었던 분들 연락처를 알수 있을까요"
2024-09-24 10:41:35,캐리골프투어,안녕하세요. 확인 후 안내드리도록 하겠습니다^^
2024-09-24 11:20:28,박준희,네 감사해요
2024-09-24 12:01:47,캐리골프투어,확인 결과 죄송하지만 저희 손님이 아니셔서 확인이 어려울 것 같습니다.
2024-09-24 12:10:42,박준희,"아 네 고생만 하셨네요
감사합니다"
2024-09-24 12:30:08,캐리골프투어,네 좋은하루 되세요. 감사합니다^^