DATE,USER,MESSAGE
2024-03-07 13:35:48,HyunSoo,5월20일  4명 예약?
2024-03-07 13:36:12,HyunSoo,문의합니다
2024-03-07 14:03:41,캐리골프투어,네 안녕하세요
2024-03-07 14:03:52,캐리골프투어,어떤 상품 보셨을까요?
2024-03-08 06:53:53,HyunSoo,제주도 골프41만원
2024-03-08 06:53:53,캐리골프투어,채팅 운영시간 안내
2024-03-08 06:53:53,캐리골프투어,지금은 캐리골프투어의 채팅 가능한 시간이 아닙니다. 내용을 남겨주시면 채팅이 가능한 시간에 답변 드리겠습니다.
2024-03-08 06:56:32,캐리골프투어,지금은 캐리골프투어의 채팅 가능한 시간이 아닙니다. 내용을 남겨주시면 채팅이 가능한 시간에 답변 드리겠습니다.
2024-03-08 06:56:32,HyunSoo,"제주도 골프특가800000을
405000만으로"
2024-03-08 06:56:32,캐리골프투어,채팅 운영시간 안내
2024-03-08 09:06:31,캐리골프투어,네 안녕하세요
2024-03-08 09:07:06,캐리골프투어,사진
2024-03-08 09:07:20,캐리골프투어,보신 상품이 맞으실까요?
2024-03-08 09:08:18,캐리골프투어,희망 날짜와 인원이 어떻게 되실까요?
2024-03-08 09:13:16,캐리골프투어,"연락처 남겨주시거나 
1544-5049로 연락주시면 
빠른 안내드리겠습니다."
2024-03-08 10:06:42,HyunSoo,01063644094
2024-03-08 10:06:47,HyunSoo,이현수입니다
2024-03-08 10:07:28,캐리골프투어,네 전화드리겠습니다.
2024-03-08 10:11:20,캐리골프투어,"네 담당자가 전화드렸는데 부재중이셔서요 
1544-5049로 편하실때 연락주시거나 카카오톡으로 문의주셔도 됩니다.

문의 주신 해당 상품 금일 기준
5/20.21 양 일 모두
접수 가능합니다."
2024-03-08 12:01:33,캐리골프투어,사진
2024-03-08 12:01:55,캐리골프투어,"왕복 항공권 아래와 같이 확인 됩니다. 
확인 부탁드립니다. 

가는편 
부산(김해)<>제주￼ 에어부산 8101편 
일반석 2024-05-21 06:50 → 07:55

오는편
제주<>부산(김해)￼ 진에어 568편 
일반석 2024-05-22 19:15 → 20:15

>> 항공료 1인 기준 158.000원"
2024-03-08 12:02:08,캐리골프투어,"단체패키지 (405.000) + 항공 (158.000원) = 563.000원(1인 기준)


계좌안내입니다. >>>>

국민은행 680401-00-036929 캐리골프투어

계좌로 예약금 400.000원 송금 후
송금자명과 명단(성함/생년월일/성별/대표자 연락처) 취합 부탁드립니다."
2024-03-08 12:02:36,캐리골프투어,사진
2024-03-29 17:57:17,캐리골프투어,사진
2024-03-29 17:57:26,캐리골프투어,"안녕하세요 확정서 보내드립니다. 확인부탁드리고 
아래 계좌로 잔금 726.000원 완납 확인 부탁드립니다. 

계좌안내입니다. >>>>

국민은행 680401-00-036929 캐리골프투어"
2024-04-03 17:05:34,캐리골프투어,안녕하세요 고객님 잔금입금 확인이 되지않아 연락드렸습니다.  확인 부탁드립니다.
2024-04-03 20:24:21,HyunSoo,네
2024-04-03 20:24:21,캐리골프투어,채팅 운영시간 안내
2024-04-03 20:24:21,캐리골프투어,지금은 캐리골프투어의 채팅 가능한 시간이 아닙니다. 내용을 남겨주시면 채팅이 가능한 시간에 답변 드리겠습니다.
2024-04-03 20:31:11,캐리골프투어,안녕하세요 잔금 726.000원 완납 확인했습니다. 확인 감사합니다.