DATE,USER,MESSAGE
2024-03-30 14:58:30,신동수,안녕하세요 
2024-03-30 15:03:54,신동수,"명문2색 최상급 1박2일 상품 2인 조인으로 5/24, 25일로 예약 가능할까요?"
2024-03-30 15:55:37,캐리골프투어,네 안녕하세요 2인 조인 가능하세요
2024-03-30 15:56:02,캐리골프투어,구장은 블랙스톤.핀크스 입니다.
2024-03-30 16:14:54,신동수,"네, 예약 하겠습니다 "
2024-03-30 16:33:59,캐리골프투어,"네 진행안내드립니다. 

예약금 20만원 입금후 희망하시는 일정과
조인대기자정보(성함/성별/연령/타수) 보내주시면 등록후 조인여부 연락드리겠습니다

조인실패시 예약금은 전액 반환드릴예정입니다.

계좌안내입니다.>
국민 캐리골프투어 680401-00-036929"
2024-03-30 17:14:38,캐리골프투어,"고객님 예약금 20만원 입금 확인했습니다. 
명단 확인 부탁드립니다."
2024-03-30 17:14:39,신동수,"신동수 골프예약으로 입금했습니다 
1. 신동수, 이가율
2.부부
3. 50대, 40대
4. 80후반"
2024-03-30 17:16:03,신동수,"5월/24, 25일 입니다"
2024-03-30 17:18:44,캐리골프투어,"네네 확인 감사합니다. 
차주 진행드리도록 하겠습니다. 
편안한 주말되세요"
2024-04-01 10:45:10,신동수,"안녕하세요, 5월말 좋은 시간대 항공권 예약은 지금쯤 해야하는데 언제쯤 알 수 있을까요?"
2024-04-01 10:48:00,캐리골프투어,안녕하세요 금일 중 확인후 빠른  안내드리겠습니다.
2024-04-01 11:35:21,캐리골프투어,"안녕하세요 확인결과 요청주신 해당 일정은 바로 조인은 안되시고 1~2주 조인진행 드려봐야 할것 같습니다. 

참고로 바로 조인 가능한 일정은
5/13~17일 일정은 가능합니다."
2024-04-01 11:53:41,캐리골프투어,오타 정정드립니다.  바로 조인 가능 일정은 5/3 ~ 17일 입니다.
2024-04-01 12:26:33,신동수,"네, 지금 항공권 예약을 해야 원하는 시간에 가능한데 아쉽지만 한주더 기다리겠습니다. "
2024-04-01 12:36:34,신동수,지금 항공권 예약 하려 하는데 조인이 안될 경우가 있을까요?
2024-04-01 12:40:37,캐리골프투어,네 고객님 최대한 노력드리지만 해당 일정 확정드리긴 어렵습니다. 조인이 안되실수도 있습니다.
2024-04-08 09:01:46,신동수,"안녕하세요, 이번주에 24일 일정 나왔을것 같은데 확인 가능한가요?"
2024-04-08 09:15:55,캐리골프투어,네 안녕하세요 해당일정 조인이 안되셨습니다. 오전중 최종 확인후 안내드려야 할것 같습니다
2024-04-08 14:53:54,신동수,확인되셨나요?
2024-04-08 14:56:10,캐리골프투어,안녕하세요  죄송하지만 가능한 조인 일정이 없습니다
2024-04-08 14:56:36,신동수,"네, 그럼 환불해 주세요"
2024-04-08 14:58:28,캐리골프투어,네 계좌 남겨주시면 환불 드리겠습니다.
2024-04-08 14:58:47,신동수,우리은행 026-21-0185-896 신동수 입니다
2024-04-08 15:01:51,캐리골프투어,"04/08 15:00 신진아（캐리골프투어）님이 신동수님의 계좌  026210**896로 200,000원을 보냈습니다."
2024-04-08 15:02:15,캐리골프투어,20만원 예약금 환불 드렸습니다.
2024-04-08 15:04:09,신동수,"네, 확인 했습니다"
2024-04-08 15:05:09,캐리골프투어,네네 확인 감사드립니다