DATE,USER,MESSAGE
2024-06-15 07:25:27,최은진,"재고있나요?
타이틀 모자"
2024-06-15 07:25:27,캐리골프투어,채팅 운영시간 안내
2024-06-15 07:25:27,캐리골프투어,지금은 캐리골프투어의 채팅 가능한 시간이 아닙니다. 내용을 남겨주시면 채팅이 가능한 시간에 답변 드리겠습니다.
2024-06-15 12:33:13,캐리골프투어,안녕하세요 보신 상품이 이 상품 맞으실까요?
2024-06-15 12:33:17,캐리골프투어,사진
2024-07-15 15:19:02,최은진,"8월26~27일
제주 ALL포함
블랙스톤 테디밸리
2인 예약가능한가요?"
2024-07-15 15:19:07,최은진,사진
2024-07-15 16:14:11,캐리골프투어,안녕하세요 확인 후 안내드리겠습니다.
2024-07-15 16:34:01,캐리골프투어,확인 결과 바로 조인 가능하십니다.
2024-07-15 16:34:06,캐리골프투어,"항공 
> 출발지 필요

골프
8/26 블랙스톤 11:45 커플대기
8/27 테디밸리 08:03 커플대기

숙박
메종글래드 프리미엄 객실 

차량 
K5 무료이벤트 (자차보험별도: 자차보험 현장결제 필수)

조인 가능합니다."
2024-07-15 16:34:35,캐리골프투어,조인 가능한 시간대 안내드립니다.
2024-07-15 16:47:19,최은진,"네~~
예약 해 주세요"
2024-07-15 16:47:44,최은진,대구출발입니다
2024-07-15 16:48:44,캐리골프투어,네 정리 후 안내드리겠습니다^^
2024-07-15 16:55:59,캐리골프투어,"*상품구성 :
8/26 대구제주 07:45 진에어 
8/27 제주대구 19:10 티웨이 

■8/26(월) 메종글래드 호텔 1박 1객실
■8/26(월) 블랙스톤 11:45
■8/27(화) 테디밸리 08:03
■K5 무료이벤트 (자차보험별도: 자차보험 현장결제 필수)

포함 : 왕복항공, 그린피 2회, 숙박(1박), 렌트카(자차미포함)
불포함 : 카트비, 캐디피, 전일정 식사, 항공 

1인 견적가: 641,000원

총 액 :
= 1,282,000원

입금계좌 :
680401-00-036929 국민은행 캐리골프투어"
2024-07-15 16:56:18,캐리골프투어,"대구 출발 6,000원 추가되셨습니다."
2024-07-15 16:57:05,캐리골프투어,다른분도 문의가 들어오셔서 빠른 결정 부탁드립니다^^
2024-07-15 16:58:44,최은진,"혹시
홈페이지 가입했는데
만원할인 안되나요?"
2024-07-15 16:59:03,최은진,"네
예약진행해 주세요"
2024-07-15 16:59:28,캐리골프투어,혹시 전화번호가 어떻게 되실까요?
2024-07-15 17:00:03,최은진, 010 8579 8728 입니다
2024-07-15 17:00:13,최은진,"6월에도
이용했습니다"
2024-07-15 17:00:49,캐리골프투어,"네 홈페이지 회원가입 확인 되셨습니다. 10,000원 할인 적용 드리겠습니다^^"
2024-07-15 17:01:15,캐리골프투어,"*상품구성 :
8/26 대구제주 07:45 진에어
8/27 제주대구 19:10 티웨이

■8/26(월) 메종글래드 호텔 1박 1객실
■8/26(월) 블랙스톤 11:45
■8/27(화) 테디밸리 08:03
■K5 무료이벤트 (자차보험별도: 자차보험 현장결제 필수)

포함 : 왕복항공, 그린피 2회, 숙박(1박), 렌트카(자차미포함)
불포함 : 카트비, 캐디피, 전일정 식사, 항공

1인 견적가: 631,000원

총 액 :
= 1,262,000원

입금계좌 :
680401-00-036929 국민은행 캐리골프투어"
2024-07-15 17:01:30,최은진,전액 결재인가요
2024-07-15 17:01:41,캐리골프투어,네 조인건은 전액결제입니다.
2024-07-15 17:01:48,최은진,네~~
2024-07-15 17:01:58,캐리골프투어,네 감사합니다^^
2024-07-15 17:11:06,최은진,"최은진으로
입금했습니다"
2024-07-15 17:12:17,캐리골프투어,"네 1,262,000원 입금 확인했습니다. 예약 진행 드리겠습니다."
2024-07-15 17:13:21,캐리골프투어,커플이실까요?
2024-07-15 17:14:55,최은진,네
2024-07-15 17:15:36,캐리골프투어,"네 확인 감사합니다.
항공 예약에 필요한 성함, 성별, 생년월일 부탁드립니다."
2024-07-15 17:19:00,최은진,"권혁성 남 700601
최은진 여 720910
입니다"
2024-07-15 17:21:40,캐리골프투어,네 확인 감사합니다^^
2024-07-16 18:46:42,캐리골프투어,안녕하세요 확정서 안내드립니다.
2024-07-16 18:46:47,캐리골프투어,사진
2024-07-16 18:55:00,최은진,감사합니다~
2024-07-16 18:55:00,캐리골프투어,채팅 운영시간 안내
2024-07-16 18:55:00,캐리골프투어,지금은 캐리골프투어의 채팅 가능한 시간이 아닙니다. 내용을 남겨주시면 채팅이 가능한 시간에 답변 드리겠습니다.
2024-07-19 11:41:10,캐리골프투어,"안녕하세요 자차 보험료는 차량당 하루
중형: 고급기준 2만 / 슈퍼기준 3만원 
입니다 참고 부탁드립니다^^"