DATE,USER,MESSAGE
2024-06-17 20:24:11,김영우,늦은시간 미안합니다 ㆍ8월3일~4일 2인  블랙스톤ㆍ테디벨리 부킹가능한가요? 
2024-06-17 20:24:12,캐리골프투어,채팅 운영시간 안내
2024-06-17 20:24:12,캐리골프투어,지금은 캐리골프투어의 채팅 가능한 시간이 아닙니다. 내용을 남겨주시면 채팅이 가능한 시간에 답변 드리겠습니다.
2024-06-17 20:28:22,캐리골프투어,안녕하세요 몇분이실까요?
2024-06-17 20:28:40,김영우,2인입니다
2024-06-17 20:28:40,캐리골프투어,채팅 운영시간 안내
2024-06-17 20:28:40,캐리골프투어,지금은 캐리골프투어의 채팅 가능한 시간이 아닙니다. 내용을 남겨주시면 채팅이 가능한 시간에 답변 드리겠습니다.
2024-06-17 20:28:58,캐리골프투어,네 예약실이 마감되어서 익일 확인 드려도 될까요?
2024-06-17 20:29:22,김영우,네 ᆢ부탁드립니다
2024-06-17 20:29:22,캐리골프투어,채팅 운영시간 안내
2024-06-17 20:29:22,캐리골프투어,지금은 캐리골프투어의 채팅 가능한 시간이 아닙니다. 내용을 남겨주시면 채팅이 가능한 시간에 답변 드리겠습니다.
2024-06-17 20:29:48,캐리골프투어,네 패키지 상품 원하실까요? 구장만 원하실까요?
2024-06-17 20:30:07,김영우,패키지로부탁드립니다
2024-06-17 20:30:07,캐리골프투어,채팅 운영시간 안내
2024-06-17 20:30:07,캐리골프투어,지금은 캐리골프투어의 채팅 가능한 시간이 아닙니다. 내용을 남겨주시면 채팅이 가능한 시간에 답변 드리겠습니다.
2024-06-17 20:30:46,캐리골프투어,네 알겠습니다. 익일 확인 후 연락 드리겠습니다. 편안한 밤 되세요 감사합니다.
2024-06-17 20:30:55,김영우,네ᆢ감사합니다 
2024-06-17 20:30:55,캐리골프투어,채팅 운영시간 안내
2024-06-17 20:30:56,캐리골프투어,지금은 캐리골프투어의 채팅 가능한 시간이 아닙니다. 내용을 남겨주시면 채팅이 가능한 시간에 답변 드리겠습니다.
2024-06-17 20:40:52,김영우,내일 알아봐주실때 렌트카 8월1일 저녁19시30분~8월4일 19시 까지ᆢ  같이 부탁좀드립니다 
2024-06-17 20:40:52,캐리골프투어,채팅 운영시간 안내
2024-06-17 20:40:52,캐리골프투어,지금은 캐리골프투어의 채팅 가능한 시간이 아닙니다. 내용을 남겨주시면 채팅이 가능한 시간에 답변 드리겠습니다.
2024-06-17 20:41:59,캐리골프투어,네 알겠습니다 메모 해놓겠습니다 감사합니다.
2024-06-17 20:42:16,캐리골프투어,채팅 운영시간 안내
2024-06-17 20:42:16,캐리골프투어,지금은 캐리골프투어의 채팅 가능한 시간이 아닙니다. 내용을 남겨주시면 채팅이 가능한 시간에 답변 드리겠습니다.
2024-06-17 20:42:16,김영우,늦은시간 죄송합니다 
2024-06-17 21:24:04,캐리골프투어,아닙니다. 편안한 밤 되세요 감사합니다^^
2024-06-17 21:24:21,김영우,감사합니다 
2024-06-17 21:24:21,캐리골프투어,채팅 운영시간 안내
2024-06-17 21:24:21,캐리골프투어,지금은 캐리골프투어의 채팅 가능한 시간이 아닙니다. 내용을 남겨주시면 채팅이 가능한 시간에 답변 드리겠습니다.
2024-06-17 21:24:44,캐리골프투어,네 감사합니다^^
2024-06-18 10:46:17,캐리골프투어,안녕하세요 블랙스톤cc가 제주삼다수 마스터스 선발전 일정이라 8/1 ~ 8/4 까지 휴장입니다. 구장 변경 드릴까요?
2024-06-18 10:47:06,김영우,혹시 핀크스는 가능할까요?
2024-06-18 10:47:41,캐리골프투어,핀크스는 2인 조인 불가능하시고 팀단위만 가능하십니다.
2024-06-18 10:48:05,김영우,그럼  추천해주실만한곳이 있나요??
2024-06-18 11:00:22,김영우,다른구장 확인되면 연락부탁드립니다
2024-06-18 11:08:11,캐리골프투어,네 알겠습니다 구장 확인 되면 안내드리겠습니다 감사합니다.
2024-06-18 11:09:28,김영우,네
2024-06-18 11:36:10,캐리골프투어,롯데 스카이힐 괜찮으실까요?
2024-06-18 11:37:30,캐리골프투어,"8/3 테디밸리 2부 (7월초 티업오픈) 
8/4 롯데스카이힐 혼용 08시대 

숙박: 서귀포 4성급 에이치아이호텔 or 동급 1박

차량: 8/1 19:30 출고 ~ 8/4 19:00 반납 

1인 지상비 견적가 681,000원 
----------------------------------

차량 제외시 1인당 155,000원 차감 

숙박 1박 추가시 1인 30,000원 추가"
2024-06-18 11:38:32,김영우,스카이힐이랑  해비치는 자주가서 혹시 다른곳은  없을까요?  
2024-06-18 11:40:24,캐리골프투어,네 확인 후 안내드려도 될까요?
2024-06-18 11:40:33,김영우,네ᆢ감사합니다 
2024-06-18 11:53:50,캐리골프투어,엘리시안 가능하십니다. 견적 안내드릴까요?
2024-06-18 11:55:40,캐리골프투어,"8/3 테디밸리 2부 (7월초 티업오픈) 
8/4 엘리시안 혼용 08시대 

숙박: 서귀포 4성급 에이치아이호텔 or 동급 1박

차량: 8/1 19:30 출고 ~ 8/4 19:00 반납 

1인 지상비 견적가 662,000원 
----------------------------------

차량 제외시 1인당 155,000원 차감

숙박 1박 추가시 1인 30,000원 추가"
2024-06-18 12:00:35,김영우,1시30분쯤 전화부탁드려도 될까요?  010 4551  5151
2024-06-18 12:03:41,캐리골프투어,네 알겠습니다 13:30분 정도 즈음에 연락드리겠습니다. 감사합니다.
2024-06-18 12:03:54,김영우,감사합니다 
2024-06-18 12:04:18,캐리골프투어,네 감사합니다.
2024-06-18 14:20:53,캐리골프투어,"케슬랙스, 아덴힐, 에버리스, 라온 중 어느 구장이 괜찮으실까요?"
2024-06-18 15:14:27,김영우,케슬랙스는 안가본구장이네요  괜찮으면 여기로해주시면 좋겠습니디ㅡ
2024-06-18 15:30:33,캐리골프투어,네 확인후 안내드려보겠습니다
2024-06-18 15:32:00,김영우,감사합니다 
2024-06-18 15:41:17,캐리골프투어,확인해보니 캐슬렉스가 잔디 상태가 많이 안좋아서 라온으로 하시면 어떠실까요?
2024-06-18 15:42:14,김영우,네  라온으로 부탁드립니다
2024-06-18 15:42:32,김영우,안되면 롯데 스카이 정규 구장해주셔도됩니다
2024-06-18 15:47:08,캐리골프투어,네 라온으로 변경한 견적 안내드립니다.
2024-06-18 15:47:09,캐리골프투어,"8/3 테디밸리 2부 (7월초 티업오픈) 
8/4 라온 08시대 

숙박: 서귀포 4성급 에이치아이호텔 or 동급 2박

차량: 8/1 19:30 출고 ~ 8/4 19:00 반납 

1인 지상비 견적가 656,000원 
----------------------------------

차량 제외시 1인당 15.5만 차감 

숙박 1박 추가시 1인 30,000원 추가"
2024-06-18 16:20:46,김영우,네  감사합니다   ᆢ혹시  호텔은 조금더 업그레이드부탁드려도 될까요??
2024-06-18 17:05:08,캐리골프투어,네 확인 후 안내드리겠습니다.
2024-06-18 17:12:20,김영우,귀찮게해서 미안합니다
2024-06-18 17:12:45,김영우,금요일 하루만좋은곳해주시면됩니다
2024-06-18 17:13:50,캐리골프투어,별말씀을요 궁금하신 부분있으시면 편하게 문의 주세요.
2024-06-18 17:14:11,김영우,넵ᆢ감사합니다 
2024-06-18 17:14:57,캐리골프투어,8/2 금요일만 호텔 변경 원하시는걸까요?
2024-06-18 17:15:17,김영우,기존되로하고  금요일숙소  추가만  좋은곳 부탁드립니다
2024-06-18 17:15:19,김영우,넵
2024-06-18 17:15:53,캐리골프투어,네 확인 후 안내드리겠습니다.
2024-06-18 17:23:41,캐리골프투어,"8/3 테디밸리 2부 (7월초 티업오픈) 
8/4 라온 08시대 

숙박
8/2 체크인 제주 하야트 드림타워 킹룸 1박 1객실 
8/3 체크인 에이치아이호텔 1박 1객실 

차량: 8/1 19:30 출고 ~ 8/4 19:00

지상비 1인 총견적가 803,500원"
2024-06-18 17:23:48,캐리골프투어,견적서 안내드립니다.
2024-06-18 17:31:52,김영우,제가 와이프랑의논해서 내일오전까지 연락드리겠습니다 ㆍ  혹시 제주하야트 대신 서귀포 쪽에 괜찮은숙소있으면 부탁드리겠습니다ㆍ   금요일숙소빼고는  주신되로 정리하겠습니다
2024-06-18 17:33:39,캐리골프투어,네 알겠습니다. 서귀포 쪽 숙소로 변경해서 안내드리겠습니다.
2024-06-18 17:34:29,김영우,네ᆢ첫날숙소가 서귀포쪽이라  ᆢ  부탁드립니다
2024-06-18 17:36:35,캐리골프투어,"신라 호텔 , 롯데 호텔 , 파르나스 호텔 등 원하시는 호텔 있으실까요?"
2024-06-18 17:37:43,캐리골프투어,WE호텔 괜찮으실까요?
2024-06-18 17:38:29,김영우,연락드리겠습니다 잠시만요
2024-06-18 17:38:44,캐리골프투어,네 알겠습니다.
2024-06-18 17:38:55,캐리골프투어,"8/3 테디밸리 2부 (7월초 티업오픈) 
8/4 라온 08시대 

숙박
8/2 체크인 제주 WE호텔 1박 1객실 
8/3 체크인 에이치아이호텔 1박 1객실 

차량: 8/1 19:30 출고 ~ 8/4 19:00

지상비 1인 총견적가 756,000원"
2024-06-18 17:39:14,캐리골프투어,테디 근처 5성급 웰니스 호텔입니다.
2024-06-18 17:42:19,캐리골프투어,조식 불포함이십니다.
2024-06-18 17:49:43,캐리골프투어,조식 추가 가능하신데 금일 예약실이 마감되서 익일 조식추가 요금 확인 가능하십니다. 익일 확인 후 안내드리겠습니다. 감사합니다.
2024-06-18 17:50:06,김영우,네네 
2024-06-18 17:57:29,캐리골프투어,네 감사합니다 편안한 오후 보내세요.
2024-06-18 17:57:46,김영우,네네 잘부탁드립니다 
2024-06-18 17:58:15,캐리골프투어,네 감사합니다.
2024-06-19 10:39:03,캐리골프투어,"안녕하세요
조식 추가 사전예약시
we호텔 32,000원
에이치아이호텔 10,000원
입니다."
2024-06-19 10:39:51,김영우,네 그럼 부탁드리겠습니다
2024-06-19 10:40:31,캐리골프투어,네 두 호텔 모두 조식 추가 원하시는걸까요?
2024-06-19 10:42:08,김영우,아침식사 하고 라온 cc  티업시간에  문제가없으면  조식추가부탁드립니다
2024-06-19 10:42:20,캐리골프투어,네 확인 감사합니다. 정리해서 안내드리겠습니다.
2024-06-19 11:51:42,캐리골프투어,4일 조식은 시간상 불가 할 것 같아서 제외하였습니다.
2024-06-19 11:51:44,캐리골프투어,"*상품구성 :
■8/2(금) 제주 WE호텔 1박 1객실 (조식 추가 1인 32,000원)
■8/3(토) 제주 에이치아이호텔 1박 1객실
■8/3(토) 테디밸리 2부 (7월초 티업오픈)
■8/4(일) 라온 08시대 
■렌트카 k5 자차포함(3일) or 동급 
8/1 19:30 출고 ~ 8/4 19:00 반납

포함 : 그린피 2회, 숙박(2박), 렌트카(자차포함)
불포함 : 왕복항공, 카트비, 캐디피, 4일 조식, 중석식

1인 견적가: 788,000원

①총 액 :
- 1,576,000원
* 입출금 내역이 많아 송금후 연락부탁드립니다.

입금계좌 :
680401-00-036929 국민은행 캐리골프투어"
2024-06-19 11:51:56,캐리골프투어,견적 안내드립니다.
2024-06-19 11:53:15,김영우,네ᆢ감사합니다 내일 오전중으로 송금하겠습니다
2024-06-19 11:53:44,캐리골프투어,네 확인 감사합니다. 좋은 하루 보내세요.
2024-06-19 11:54:20,김영우,넵ᆢ렌트카  차종이랑 전기차는 피해주세요
2024-06-19 11:55:08,김영우,전기차는 너무불편해서요
2024-06-19 12:04:53,캐리골프투어,네 알겠습니다 메모해놓겠습니다.
2024-06-19 12:05:27,김영우,감사합니다 
2024-06-19 12:05:40,캐리골프투어,네 감사합니다.
2024-06-20 09:09:58,김영우,입금했습니다
2024-06-20 09:14:00,캐리골프투어,"안녕하세요 1,576,000원 입금 확인 하였습니다. 예약 진행 드리곘습니다. 감사합니다"
2024-06-20 09:14:42,김영우,감사합니다 
2024-06-20 09:15:16,캐리골프투어,네 감사합니다.
2024-06-20 09:24:15,캐리골프투어,객실타입은 무슨 타입 원하실까요?
2024-06-20 09:24:59,김영우,어떤게있나요 ?  좋은데로 해주시면 감사하죠
2024-06-20 09:25:26,캐리골프투어,"더블, 트윈 중 골라주시면 되십니다."
2024-06-20 09:25:51,김영우,더블로 해주시면됩니다  방뷰는 좋은곳으로 부탁드려요
2024-06-20 09:26:06,캐리골프투어,네 확인 감사합니다.
2024-06-20 09:26:41,김영우,렌트카 장소도 확정되면알려주세요
2024-06-20 09:27:02,캐리골프투어,네 확정 되면 확정서 안내드리겠습니다.
2024-06-20 09:27:10,김영우,네ᆢ감사합니다 
2024-06-20 09:33:01,캐리골프투어,네 좋은하루되세요 감사합니다.
2024-06-20 09:33:08,캐리골프투어,캐리골프투어 채널을 추가하시면 광고와 마케팅 메시지를 카카오톡으로 받아 볼 수 있습니다.
2024-06-20 17:40:40,캐리골프투어,"김영우님 제주 골프 예약 확정안내 

골프 
8/3 테디밸리 2부 (7월초 티업시간 오픈) 
> 티업오픈후 조인 모객시작

8/4 라온 08:23 
예약자명: 김영우님 
김영우 부부 010-4551-5151 
김정숙 부부 010-5312-2568
----------------------------------------------
숙박 
8/2 체크인 제주 WE호텔 
예약번호 #0187622 
예약자명: 김영우님 
포함: 2인 조식 포함 
제주특별자치도 서귀포시 1100로 453-95 

8/3 체크인 에이치아이호텔 
안녕하세요 김영우 님,
호텔 에이치아이에 예약 주셔서 감사합니다.
고객님의 예약 사항입니다.

호텔예약번호 : 24116990
CHEK IN DATE : 2024.08.03
CHECK OUT DATE :2024.08.04
ROOM TYPE : Premier Twin Ocean
ROOMS : 1

대표번호 064)762-2200
호텔주소 제주특별차지도 서귀포시 중앙로47번길 25
----------------------------------------------
차량 
안녕하세요? 김영우님
렌터카를 예약해주셔서 감사합니다.

▶ 예약번호 : 20240620052647
▶ 대여기간 : 2024-08-01 19:30:00 ~ 2024-08-04 19:00:00
▶ 차량정보 : K5 3세대
▶ 예약업체 : 제주다움렌트카 (064-745-0404)

[보험규정]
▶면책보험 : 고급자차
▶보상한도 : 200만원
* 소모품, 실내부품 포함 일부 항목은 면책보험 미적용

[차량 인수 안내]
셔틀버스로 렌터카 업체 이동 후 차량인수
셔틀버스 탑승장소 : 제주공항 1층 5번 게이트 건너편 렌트카종합안내센터 [3구역 12번]
소요시간(분) : 7~8분"
2024-06-20 17:40:57,캐리골프투어,예약 내역 안내드립니다. 확인 부탁드립니다.
2024-06-20 17:41:11,캐리골프투어,사진
2024-06-20 17:41:32,캐리골프투어,예약취소 및 변경시 약관 확인 부탁드립니다.
2024-06-20 17:52:54,김영우,네ᆢ확인했습니다 
2024-06-20 17:58:47,캐리골프투어,네 확인 감사합니다.
2024-06-20 17:58:58,캐리골프투어,편안한 오후 보내세요.
2024-06-20 17:59:33,김영우,감사합니다 
2024-06-20 18:00:04,캐리골프투어,네 감사합니다^^
2024-07-20 16:54:20,김영우,쉬는데 미안합니다 ㆍ8월3일 테디벨리 시간을 아직못받았네요  월요일 출근하시면 확인부탁드립니다 
2024-07-20 17:21:06,캐리골프투어,안녕하세요 월요일 오전 중 확인 후 안내드리겠습니다 감사합니다^^
2024-07-20 17:25:02,김영우,감사합니다 
2024-07-22 10:41:59,캐리골프투어,안녕하세요 테디밸리 티업시간 안내드립니다.
2024-07-22 10:42:12,캐리골프투어,"8/3 12:42 테디 조인모집중
8/4 08:23 라온 조인완료"
2024-07-22 10:42:50,김영우,네 감사합니다
2024-07-22 10:43:12,캐리골프투어,네 좋은하루되세요 감사합니다^^
2024-07-22 10:44:14,김영우,감사합니다 ᆢ확정되면 연락부탁드릴께요
2024-07-22 10:44:41,캐리골프투어,네 테디밸리 조인 확정 되시면 안내드리겠습니다 감사합니다^^
2024-07-22 10:45:10,김영우,넵
2024-07-30 11:29:14,캐리골프투어,안녕하세요 태디밸리 조인 확정되어 안내드립니다.
2024-07-30 11:29:17,캐리골프투어,"8/3 테디밸리 12:42
예약자: 김영우님
김영우 부부 010-4551-5151
권혁찬 부부 010-2497-1199"
2024-07-30 11:30:12,캐리골프투어,조인 확정 내용 정리해서 안내드립니다.
2024-07-30 11:30:14,캐리골프투어,"8/4 라온 08:23 
예약자명: 김영우님 
김영우 부부 010-4551-5151 
김정숙 부부 010-5312-2568
----------------------------------------------
8/3 테디밸리 12:42
예약자: 김영우님
김영우 부부 010-4551-5151
권혁찬 부부 010-2497-1199"
2024-07-30 11:30:43,캐리골프투어,"8/3 테디밸리 12:42
예약자: 김영우님
김영우 부부 010-4551-5151
권혁찬 부부 010-2497-1199
----------------------------------------------
8/4 라온 08:23 
예약자명: 김영우님 
김영우 부부 010-4551-5151 
김정숙 부부 010-5312-2568"
2024-07-30 11:36:19,김영우,감사합니다 
2024-07-30 13:18:58,캐리골프투어,네 감사합니다. 좋은하루되세요^^