DATE,USER,MESSAGE
2024-03-18 14:00:22,서경석,골프 투어 상품 문의
2024-03-18 14:00:22,캐리골프투어(메뉴),"지역(상품명), 일정, 인원수 적어주시면 자세히 상담해 드리겠습니다."
2024-03-18 14:01:35,서경석,"제주도 4월20일~21일 4명 
20일 1부 21일 2부 
상담 부탁드립니다"
2024-03-18 14:14:05,캐리골프투어,네 안녕하세요
2024-03-18 14:14:16,서경석,방갑습니다
2024-03-18 14:14:43,캐리골프투어,네 보신상품이 어떤 상품이실까요?
2024-03-18 14:44:57,캐리골프투어,아니시면 해당 일(4/20(1부)21(2부)) 구장 섭외만 도와드리면 될까요?
2024-03-18 14:51:26,서경석,"상품 본건 없고요
구장 섭외만 도와주십시오"
2024-03-18 14:52:03,캐리골프투어,"네 알겠습니다. 
선호 구장 있으실까요?"
2024-03-18 15:08:54,서경석,"블랙스톤 18홀
그 주변 18홀 하였으면 합니다"
2024-03-18 15:09:17,캐리골프투어,"네네네 알겠습니다  
확인후 안내드리겠습니다"
2024-03-18 15:30:53,캐리골프투어,"서경석 고객님 
아래와 같은 부킹 일정 가능한것으로 확인됩니다. 

4/20일  : 블랙스톤 / 7시 중반 
4./21일  : 스카이힐 (회원제) / 11시19분 

1인 기준가 480.000원"
2024-03-18 15:39:08,서경석,저희가 아침 비행기로 도착 하면 골프장 블랙스톤 9시반쯤 도착 가능합니다 ㅜㅜ
2024-03-18 15:52:09,캐리골프투어,네 그러시면 4/20일 2부로 확인해 드려볼까요?
2024-03-18 16:13:54,서경석,넵
2024-03-18 16:39:30,캐리골프투어,네네 아직 오픈전이라 다음주 정도에 확인해드릴 수 있을것 같습니다.