DATE,USER,MESSAGE
2024-04-17 23:25:02,김상수님,계신가요
2024-04-17 23:25:02,캐리골프투어,채팅 운영시간 안내
2024-04-17 23:25:02,캐리골프투어,지금은 캐리골프투어의 채팅 가능한 시간이 아닙니다. 내용을 남겨주시면 채팅이 가능한 시간에 답변 드리겠습니다.
2024-04-17 23:26:23,캐리골프투어,안녕하세요 어떤 상품 보셨을까요?
2024-04-17 23:27:59,김상수님,사진
2024-04-17 23:28:00,캐리골프투어,채팅 운영시간 안내
2024-04-17 23:28:00,캐리골프투어,지금은 캐리골프투어의 채팅 가능한 시간이 아닙니다. 내용을 남겨주시면 채팅이 가능한 시간에 답변 드리겠습니다.
2024-04-17 23:28:04,김상수님,1번요
2024-04-17 23:28:04,캐리골프투어,채팅 운영시간 안내
2024-04-17 23:28:04,캐리골프투어,지금은 캐리골프투어의 채팅 가능한 시간이 아닙니다. 내용을 남겨주시면 채팅이 가능한 시간에 답변 드리겠습니다.
2024-04-17 23:28:46,김상수님,"5월 20일21일
두명 입니다
조인신청요"
2024-04-17 23:28:46,캐리골프투어,채팅 운영시간 안내
2024-04-17 23:28:46,캐리골프투어,지금은 캐리골프투어의 채팅 가능한 시간이 아닙니다. 내용을 남겨주시면 채팅이 가능한 시간에 답변 드리겠습니다.
2024-04-17 23:31:22,캐리골프투어,"네  해당패키지 상품 조인대기 요청후 기다려보고 조인여부에 따라 진행해야 될것
같습니다.

예약금 20만원 입금후 희망하시는 일정과
조인 대기자정보(성함/성별/연령/타수) 보내주시면 등록후 조인여부 연락드리겠습니다

조인실패시 예약금은 전액 반환드릴예정입니다.

계좌안내입니다.>
국민 캐리골프투어 680401-00-036929"
2024-04-17 23:31:49,김상수님,네 
2024-04-17 23:31:50,캐리골프투어,채팅 운영시간 안내
2024-04-17 23:31:50,캐리골프투어,지금은 캐리골프투어의 채팅 가능한 시간이 아닙니다. 내용을 남겨주시면 채팅이 가능한 시간에 답변 드리겠습니다.
2024-04-17 23:53:36,김상수님,"입금자 ㅡ 김상수
패키지 1번 희망
5월 20일  21일 

김상수.40후반(남성)핸디 90
곽지은.30후반(여성)핸디 100
"
2024-04-17 23:53:36,캐리골프투어,채팅 운영시간 안내
2024-04-17 23:53:36,캐리골프투어,지금은 캐리골프투어의 채팅 가능한 시간이 아닙니다. 내용을 남겨주시면 채팅이 가능한 시간에 답변 드리겠습니다.
2024-04-18 00:17:18,캐리골프투어,"네 확인감사합니다. 예약금200.000원  입금 확인했습니다.  
준비하겠습니다."
2024-04-25 12:04:56,김상수님,계신가요
2024-04-25 12:05:26,캐리골프투어,네 안녕하세요
2024-04-25 12:05:31,김상수님,아직 조인 안된거죠?
2024-04-25 12:05:46,캐리골프투어,네네 아직 조인대기중입니다.
2024-04-25 12:05:58,김상수님,"네 알겠습니다
수고 하세요"
2024-04-25 12:06:06,김상수님,참 문의좀요
2024-04-25 12:06:16,김상수님,온천은 어디온천인가요
2024-04-25 12:06:24,김상수님,1회 서비스 있던데요
2024-04-25 12:06:55,캐리골프투어,"네네조인완료시 안내드리도록 하겠습니다.  
온천은 블랙스톤 호텔내에 있습니다"
2024-04-25 12:07:06,김상수님,아네 알겠습니다
2024-04-25 12:07:56,캐리골프투어,넵!
2024-04-25 12:08:27,캐리골프투어,https://www.youtube.com/watch?v=E2k8P81vVTE
2024-04-25 12:08:32,캐리골프투어,이런 느낌입니다.
2024-04-25 12:09:34,김상수님,부부같이 할수있나요?
2024-04-25 12:09:47,김상수님,남.여 따로죠?
2024-04-25 12:10:05,캐리골프투어,네네 맞습니다.
2024-04-25 12:10:15,캐리골프투어,남 .여 별도 입니다.
2024-04-25 12:10:43,김상수님,네
2024-05-05 20:12:37,김상수님,"계신가요
신청한거 취소 하겠습니다
환불진행 부탁드립니다"
2024-05-05 20:12:37,캐리골프투어,채팅 운영시간 안내
2024-05-05 20:12:37,캐리골프투어,지금은 캐리골프투어의 채팅 가능한 시간이 아닙니다. 내용을 남겨주시면 채팅이 가능한 시간에 답변 드리겠습니다.
2024-05-05 20:18:47,김상수님,조인이안되는거 같아 취소합니다
2024-05-05 20:18:47,캐리골프투어,채팅 운영시간 안내
2024-05-05 20:18:47,캐리골프투어,지금은 캐리골프투어의 채팅 가능한 시간이 아닙니다. 내용을 남겨주시면 채팅이 가능한 시간에 답변 드리겠습니다.
2024-05-05 20:33:42,캐리골프투어,지금은 캐리골프투어의 채팅 가능한 시간이 아닙니다. 내용을 남겨주시면 채팅이 가능한 시간에 답변 드리겠습니다.
2024-05-05 20:33:42,김상수님,일단 15일까지 기다려 볼게요
2024-05-05 20:33:42,캐리골프투어,채팅 운영시간 안내
2024-05-07 09:22:57,캐리골프투어,안녕하세요 혹시 5/21일 출발도 가능하실까요?
2024-05-07 09:23:23,김상수님,20.21일 가능합니다
2024-05-07 09:23:53,캐리골프투어,네 확인감사합니다.해당 날짜 문의가 있어서 확인후 안내드리겠습니다.
2024-05-07 09:24:06,김상수님,네 감사합니다
2024-05-07 09:29:17,캐리골프투어,네네 감사합니다.
2024-05-10 19:53:21,김상수님,계신가요
2024-05-10 19:53:21,캐리골프투어,채팅 운영시간 안내
2024-05-10 19:53:21,캐리골프투어,지금은 캐리골프투어의 채팅 가능한 시간이 아닙니다. 내용을 남겨주시면 채팅이 가능한 시간에 답변 드리겠습니다.
2024-05-10 19:53:27,김상수님,사진
2024-05-10 19:53:27,캐리골프투어,채팅 운영시간 안내
2024-05-10 19:53:27,캐리골프투어,지금은 캐리골프투어의 채팅 가능한 시간이 아닙니다. 내용을 남겨주시면 채팅이 가능한 시간에 답변 드리겠습니다.
2024-05-10 19:53:45,김상수님,여기서 20.21  블랙스톤으로 변경할게요
2024-05-10 19:53:45,캐리골프투어,채팅 운영시간 안내
2024-05-10 19:53:45,캐리골프투어,지금은 캐리골프투어의 채팅 가능한 시간이 아닙니다. 내용을 남겨주시면 채팅이 가능한 시간에 답변 드리겠습니다.
2024-05-10 20:02:46,캐리골프투어,네네 내일 오전에 확인해서 안내드리겠습니다.
2024-05-10 20:03:14,김상수님,네 수고하세요
2024-05-10 20:03:15,캐리골프투어,채팅 운영시간 안내
2024-05-10 20:03:15,캐리골프투어,지금은 캐리골프투어의 채팅 가능한 시간이 아닙니다. 내용을 남겨주시면 채팅이 가능한 시간에 답변 드리겠습니다.
2024-05-10 21:31:52,캐리골프투어,"네 감사합니다.
편안한 밤 되세요~"
2024-05-11 11:00:03,김상수님,체크 되셨을까요
2024-05-11 11:03:18,캐리골프투어,안녕하세요 오늘은 주말이라 확인이 안되서 월요일에 확인 후 안내드려도 될까요?
2024-05-11 11:03:50,김상수님,아 네 알겠습니다
2024-05-11 11:04:19,캐리골프투어,네 편안한 주말 되세요 감사합니다.
2024-05-11 11:23:32,캐리골프투어,"해당 조인 2건 모두    가능하신것으로 확인됩니다.
확정해드릴까요?"
2024-05-11 11:23:46,캐리골프투어,"🗓 5/20(월) ⛳블랙스톤 13시초반대
👉 230,000 💑 커플조인대기

🗓 5/21(화) ⛳블랙스톤 7시초반대
👉 230,000 💑 커플조인대기"
2024-05-11 11:28:41,김상수님,네
2024-05-11 11:28:48,김상수님,이걸로 할게요
2024-05-11 11:46:30,캐리골프투어,네 준비하겠습니다.
2024-05-11 11:46:40,김상수님,결제진행은요
2024-05-11 11:46:54,캐리골프투어,네 준비해서 드리겠습니다
2024-05-11 11:49:22,캐리골프투어,대표자분 연락처 부탁드립니다.
2024-05-11 11:49:35,김상수님,01094241121
2024-05-11 11:57:40,캐리골프투어,"조인확정 입금안내 >>>>>>>>>>>>>>>

🗓 5/20(월) ⛳블랙스톤 13시초반대
👉 230,000 💑 커플조인대기

🗓 5/21(화) ⛳블랙스톤 7시초반대
👉 230,000 💑 커플조인대기 

2인 합계 : 920.000원 (예약금 - 200.000)

- 결제일 : ~05월11일
②잔   금 : 
- 720,000원 
* 입출금 내역이 많아 송금후 연락부탁드립니다.

③총   액 : 
① + ② = 920,000원

입금계좌 :
680401-00-036929 국민은행 캐리골프투어"
2024-05-11 11:58:06,캐리골프투어,잔금 720.000원 입금 주시면 확정 되십니다.
2024-05-11 11:58:10,김상수님,네
2024-05-11 11:58:45,김상수님,보냈어요
2024-05-11 12:00:26,캐리골프투어,네 입금 확인했습니다. 예약 확정후 안내드리겠습니다.
2024-05-11 12:00:33,김상수님,네
2024-05-11 12:07:59,캐리골프투어,"조인확정안내입니다.

🗓 5/20(월) ⛳블랙스톤 13시08분
예약자명 이수인
010 3400 3618


🗓 5/21(화) ⛳블랙스톤 7시08분
예약자명 손효라
010 2210 0707
(뒷타임나올시 변경될수있음)

김상수님 부부
010 9424 1121"
2024-05-11 12:24:07,김상수님,네
2024-05-14 10:39:15,캐리골프투어,"🗓 5/20(월) ⛳블랙스톤 13시08분
예약자명 이수인
010 3400 3618

🗓 5/21(화) ⛳블랙스톤 08시23분
예약자명 손효라
010 2210 0707

김상수님 부부
010 9424 1121"
2024-05-14 10:39:43,캐리골프투어,5/21일 블랙스톤 시간 변경되어 안내드립니다
2024-05-14 11:25:20,김상수님,8시23분이면 늦는데요
2024-05-14 11:26:47,캐리골프투어,네 뒷타임으로 변경되셨는데 어려우실까요?
2024-05-14 11:28:04,김상수님,너무늦어요
2024-05-14 11:28:15,김상수님,1시30분에 렌트카 가져다 줘야 해서요
2024-05-14 11:29:49,김상수님,"3시10분 비행기인데 
시간적 여유가 없을거 같은데요"
2024-05-14 11:30:11,캐리골프투어,네 변경가능한지 확인해보겠습니다
2024-05-14 11:30:16,김상수님,네
2024-05-14 11:30:23,김상수님,7시대로 부탁드립니다
2024-05-14 11:30:35,캐리골프투어,네 확인해보겠습니다.
2024-05-14 12:09:26,캐리골프투어,"확인결과 조인이라 방법이 없습니다. 
그래서 블랙스톤은 취소하시고 

5/21일 7시중반 스카이힐로 조인 가능하신걸로 확인되는데 이렇게 라도 변경 해드릴지 확인 부탁드립니다."
2024-05-14 12:12:53,김상수님,스카이힐은 얼마인가요
2024-05-14 12:13:29,캐리골프투어,"🗓 5/21(화) ⛳롯데스카이힐대중제 7시중반대
👉 142,000  💑 커플조인대기"
2024-05-14 12:13:56,김상수님,네 이걸로할게요
2024-05-14 12:14:11,캐리골프투어,네 알겠습니다.
2024-05-14 15:07:24,캐리골프투어,"🗓 5/20(월) ⛳블랙스톤 13시08분
예약자명 이수인
010 3400 3618


🗓 5/21(화) ⛳블랙스톤 08시08분
예약자명 손효라
010 2210 0707

김상수부부
010 9424 1121"
2024-05-14 15:08:52,캐리골프투어,블랙스톤 시간 조정 되서 안내드립니다
2024-05-14 15:14:09,김상수님,네 수고하세요
2024-05-14 15:14:39,캐리골프투어,네 감사합니다. 편안한 오후 보내세요^^
2024-05-16 15:16:33,김상수님,계신가요
2024-05-16 15:16:47,김상수님,여성분 성함 권지희  변경 부탁드립니다
2024-05-16 15:33:56,캐리골프투어,네네 알겠습니다.
2024-05-16 15:34:04,김상수님,네 수고하세요
2024-05-16 15:39:33,캐리골프투어,네 감사합니다 편안한 오후되세요~