DATE,USER,MESSAGE
2024-10-20 20:25:32,이경용,안녕하세요  
2024-10-20 20:25:32,캐리골프투어,채팅 운영시간 안내
2024-10-20 20:25:32,캐리골프투어,지금은 캐리골프투어의 채팅 가능한 시간이 아닙니다. 내용을 남겨주시면 채팅이 가능한 시간에 답변 드리겠습니다.
2024-10-20 20:26:03,이경용,핀크스  테디밸리 10월말이나 11월초 예약건으러 연락드렸습니다 
2024-10-20 20:26:03,캐리골프투어,채팅 운영시간 안내
2024-10-20 20:26:03,캐리골프투어,지금은 캐리골프투어의 채팅 가능한 시간이 아닙니다. 내용을 남겨주시면 채팅이 가능한 시간에 답변 드리겠습니다.
2024-10-21 09:11:12,캐리골프투어,안녕하세요. 몇분이실까요?
2024-10-21 10:13:21,이경용,네   안녕하세요  
2024-10-21 10:13:26,이경용,2명입니다  
2024-10-21 10:56:13,캐리골프투어,죄송하지만 2인은 핀크스 예약이 불가하십니다^^
2024-10-21 11:09:45,이경용,4인이 가면 가능한가요? 
2024-10-21 11:10:02,캐리골프투어,네 4인 이시면 가능하십니다^^
2024-10-21 11:10:59,이경용,테디밸리랑 묶어서  숙소는 디아넥스 인거지요? 
2024-10-21 11:11:28,캐리골프투어,네 맞습니다^^
2024-10-21 11:12:19,이경용,"10월말과  11월초  평일 생각하는데요  
금액은 대략 어느정도인가요?  화,수정도 생각하고 있습니다 "
2024-10-21 11:14:05,캐리골프투어,"월~목 출발 : 601,000원 입니다^^
정확한 일정 남겨주시면 견적 확인 후 안내드리도록 하겠습니다^^"
2024-10-21 11:15:00,이경용,"네  감사합니다  
불포함사항이 뭐가 있을까요?  "
2024-10-21 11:15:39,캐리골프투어,"✅ 포함사항
골프 2회 (36홀) + 숙박

✔️ 호텔 연계 제주 최고급 명문 구장(*크스) 18홀 1회
✔️ 제주 테디밸리 18홀
✔️ SK그룹 운영 디아넥스 호텔 1박 (온천 포함)
✔️아라고 나이트 온천

✅ 불포함사항
✔️ 왕복 항공 (별도문의)
✔️ 렌트카 (별도문의)
✔️ 카트비,캐디피
✔️ 전일정 식사"
2024-10-21 11:15:46,캐리골프투어,참고 부탁드립니다^^
2024-10-21 11:16:23,이경용,네   감사합니다  연락드리겠습니다 ^^
2024-10-21 11:16:51,캐리골프투어,네 감사합니다^^