DATE,USER,MESSAGE
2024-10-04 18:06:14,이천우,10월31일 커플조인 신청합니다
2024-10-04 18:06:14,캐리골프투어,채팅 운영시간 안내
2024-10-04 18:06:14,캐리골프투어,지금은 캐리골프투어의 채팅 가능한 시간이 아닙니다. 내용을 남겨주시면 채팅이 가능한 시간에 답변 드리겠습니다.
2024-10-04 18:11:11,캐리골프투어,안녕하세요.
2024-10-04 18:11:29,캐리골프투어,"🗓 10/31(목) ⛳블랙스톤 7시후반대
👉 211,000 💑 커플조인대기

🗓 10/31(목) ⛳블랙스톤 12시초반대
👉 211,000 💑 커플조인대기

🗓 10/31(목) ⛳해비치대중제 12시중반대
👉 160,000 💑 커플조인대기"
2024-10-04 18:11:33,캐리골프투어,어떤 티 원하실까요?
2024-10-04 18:48:45,이천우,31일 12시중반대
2024-10-04 18:48:45,캐리골프투어,채팅 운영시간 안내
2024-10-04 18:48:45,캐리골프투어,지금은 캐리골프투어의 채팅 가능한 시간이 아닙니다. 내용을 남겨주시면 채팅이 가능한 시간에 답변 드리겠습니다.
2024-10-04 18:50:44,이천우,31일 하야트 숙소 1박 패키지 요청입니다
2024-10-04 18:50:44,캐리골프투어,채팅 운영시간 안내
2024-10-04 18:50:44,캐리골프투어,지금은 캐리골프투어의 채팅 가능한 시간이 아닙니다. 내용을 남겨주시면 채팅이 가능한 시간에 답변 드리겠습니다.
2024-10-04 19:40:44,캐리골프투어,네 혹시 항공과 렌트는 필요하실까요?
2024-10-04 20:37:30,이천우,항공랜트는 저희가 하겠습니다
2024-10-04 20:37:30,캐리골프투어,채팅 운영시간 안내
2024-10-04 20:37:30,캐리골프투어,지금은 캐리골프투어의 채팅 가능한 시간이 아닙니다. 내용을 남겨주시면 채팅이 가능한 시간에 답변 드리겠습니다.
2024-10-07 12:44:13,이천우,결과좀 알수잏을까요?
2024-10-07 12:50:02,캐리골프투어,안녕하세요. 견적 안내드립니다^^
2024-10-07 12:50:03,캐리골프투어,"*상품구성 :
■10/31(목) 그랜드 하얏트 킹룸 1박
■10/31(목) 사이프러스 대중 13시전후
■11/01(금) 테디밸리 08시전후

포함 : 
- 호텔 1박
- 그린피 2회

불포함 : 
- 왕복항공
- 전일정 식사
- 카트비
- 캐디피
- 렌트카

1인 견적가: 513,500원

결제일 : ~10월07일
총   액 : 
1,027,000원
* 입출금 내역이 많아 송금후 연락부탁드립니다.

입금계좌 :
680401-00-036929 국민은행 캐리골프투어"
2024-10-07 12:55:02,이천우,송금했습니다
2024-10-07 12:55:23,이천우,송금자 이천우
2024-10-07 12:57:43,캐리골프투어,"네 1,027,000원 입금 확인하였습니다. 
대표자 성함 / 연락처 부탁드립니다^^"
2024-10-07 13:02:33,이천우,"이천우
01052549325  수고하세요"
2024-10-07 13:03:04,캐리골프투어,네 확인 감사합니다. 예약 확정 후 확정서 정리 후 안내드리도록 하겠습니다. 감사합니다^^
2024-10-07 13:20:16,이천우,"부탁있어서 문자 드립니다
첫날 티업시간 12시후나 13시 초로 부탁 합니다 첫날 저녁행사가 있어서요 13시 후반은 행사에 지장을을것같습니다 부탁드립니다"
2024-10-07 13:25:34,캐리골프투어,네 알겠습니다. 최대한 맞춰서 티를 잡아보겠습니다^^
2024-10-07 13:44:00,캐리골프투어,"10/31일 사이프러스 13시8
11/01일 테디벨리 8:10"
2024-10-07 13:44:06,캐리골프투어,시간 괜찮으실까요?
2024-10-07 13:44:45,이천우,네~^^
2024-10-07 13:44:56,캐리골프투어,네 확인 감사합니다^^
2024-10-30 10:07:34,이천우,몌약문자  부탁드립니다
2024-10-30 10:08:25,캐리골프투어,네 안내드리겠습니다
2024-10-30 11:54:26,캐리골프투어,사진
2024-10-30 11:55:00,이천우,네
2024-10-30 11:55:26,캐리골프투어,"10/31 사이프러스 13:08
이천우 010-5524-9325
장복수 010-2832-7799

11/1일 테디밸리 8:10
이천우 010-5524-9325
장복수 010-2832-7799"
2024-10-30 11:55:42,캐리골프투어,확정서와 조인확정 안내드립니다^^
2024-10-30 11:56:04,캐리골프투어,안내가 늦어 죄송합니다.
2024-10-30 11:56:05,이천우,네
2024-10-30 11:56:16,캐리골프투어,네 좋은하루 되세요. 감사합니다^^
2024-11-01 15:30:30,캐리골프투어,안녕하세요. 계좌번호 남겨주시면 홀정산 드리도록 하겠습니다^^
2024-11-01 18:27:19,이천우,"KB국민은행
이천우
671401   01   260165"
2024-11-01 18:27:20,캐리골프투어,채팅 운영시간 안내
2024-11-01 18:27:20,캐리골프투어,지금은 캐리골프투어의 채팅 가능한 시간이 아닙니다. 내용을 남겨주시면 채팅이 가능한 시간에 답변 드리겠습니다.
2024-11-04 09:20:46,이천우,"안녕하세요
송금  잘받았습니다
금액에대한 내역좀 부탁드립니다
그러고 첫날 사이프러스 라운딩 티업시간은 골프장에서는 2홀 또는 3홀을 조명이 없는 관계로 못할수도 있다고 하더군요 이부분은 미리 공지가 있었을거라 이야기 들었는데 우리에게는 공지가 없어서요 "
2024-11-04 09:21:55,이천우,핸드폰번호로 현금 영수증 부탁합니다
2024-11-04 10:10:21,캐리골프투어,"안녕하세요. 죄송하지만 
저희 수수료에 대한 부분인 인당(2만원)에 대한 부분은 발행이 가능하시고,
전체금액에 대해서 발행을 희망하시면 부가세 10프로를 부담해주시면  
계산서 발행이 가능하십니다^^"
2024-11-04 10:10:37,캐리골프투어,금액에 대한 내용은 정리 후 안내드리도록 하겠습니다^^
2024-11-04 10:10:57,이천우,네
2024-11-04 10:11:42,캐리골프투어,네 감사합니다^^
2024-11-04 18:27:59,캐리골프투어,확인 결과 구장과 해당 내용이 소통 문제가 있었던 것 같습니다. 처음 예약을 할 때는 구장 측에서 말씀을 안주셨었는데 추후에 예약실 쪽에서 말씀 주신게 누락이 된 것 같습니다. 불편을 드려 죄송합니다.
2024-11-05 09:28:08,이천우,금액 내역부탁드립니다
2024-11-06 11:45:00,이천우,내역 아직인가요?
2024-11-06 19:40:03,캐리골프투어,네 익일 확인 후 안내드리도록 하겠습니다. 감사합니다^^
2024-11-07 11:02:26,캐리골프투어,안녕하세요. 금액 내역이라 하시면 현금영수증 발행 말씀이실까요? 아니시면 증빙 서류(인보이스) 말씀이실까요?
2024-11-08 10:51:23,이천우,"제가 알고싶은것은
사이프러스 그린피 테디밸리 그린피입니다
호텔은 업그레이드 해서 2틀  더 묵어서 호텔료는 알고있구요
환불해주신 그린피 비율이 알고싶어서 그렇습니다
주말 테디밸리 그린피하고 사이프러스 주중 그린피하고 차이가 큰걸로 알고있습니다"
2024-11-11 11:46:51,캐리골프투어,네 금일 중 확인 후 안내드리도록 하겠습니다^^
2024-11-11 11:47:16,이천우,네
2024-11-11 11:47:32,이천우, 좋은한주 보내십시오
2024-11-11 11:48:12,캐리골프투어,네 감사합니다^^
2024-11-11 11:54:17,캐리골프투어,"사이프러스 155,000원
테디밸리 201,000원
입니다^^"
2024-11-11 12:00:49,이천우,네  수고하세요