DATE,USER,MESSAGE
2024-02-23 17:45:00,캐리골프투어,"'캐리골프투어' 입니다.  궁금한 내용이 있으면 메시지를 입력해주세요.
더 이상 채팅을 원치 않으시면 채팅목록에서 '채팅방 나가기'를 해 주세요."
2024-02-23 17:45:32,천경숙,"안녕하세요 
대구출발가능한가요?"
2024-02-23 17:54:46,캐리골프투어,안녕하세요 어떤 상품 보셨을까요?
2024-02-23 18:55:52,천경숙,제주 2박3일 벗꽃투어요
2024-02-23 18:55:52,캐리골프투어,채팅 운영시간 안내
2024-02-23 18:55:52,캐리골프투어,지금은 캐리골프투어의 채팅 가능한 시간이 아닙니다. 내용을 남겨주시면 채팅이 가능한 시간에 답변 드리겠습니다.
2024-02-23 19:10:41,캐리골프투어,네 출발인원은 4인이실까요?
2024-02-23 19:59:14,천경숙,2인 입니다
2024-02-23 19:59:14,캐리골프투어,채팅 운영시간 안내
2024-02-23 19:59:14,캐리골프투어,지금은 캐리골프투어의 채팅 가능한 시간이 아닙니다. 내용을 남겨주시면 채팅이 가능한 시간에 답변 드리겠습니다.
2024-02-23 20:45:53,캐리골프투어,네 확인감사합니다. 조인으로 내일중 확인해드리겠습니다.
2024-02-26 11:06:51,캐리골프투어,사진
2024-02-26 11:07:09,캐리골프투어,안녕하세요 대구 출발기준 견적서 보내드립니다.
2024-02-26 11:30:51,캐리골프투어,사진
2024-02-26 11:30:55,캐리골프투어,변동이 있어 견적 정정드립니다.
2024-03-01 09:12:18,천경숙,안녕하세요   대구출발4인 4월15일2박3일 가성비좋은 골프장으로 추천부탁합니다
2024-03-01 09:14:37,캐리골프투어,"네 안녕하세요 확인후 안내드리겠습니다

일전에 드린 일정은 취소이신가요?"
2024-03-01 09:39:39,천경숙,네~~4명 갈려고하니 일정변경해야 하네요
2024-03-01 09:41:02,캐리골프투어,네네 확인후 안내드리겠습니다~
2024-03-01 10:44:11,캐리골프투어,4월21.22.23.내지 28.29.30.일 일정도 혹시 괜찮으실까요?
2024-03-01 10:45:24,천경숙,알아볼께요
2024-03-01 10:46:40,캐리골프투어,네 알겠습니다.
2024-03-01 13:20:08,천경숙,4월15일부터는 안될까요?
2024-03-01 13:49:16,캐리골프투어,"네 해당날짜에 출발하는 좋은 상품이 있어서 안내드릴려고요
4월15일로 견적 확인해서 안내드리겠습니다."
2024-03-04 13:51:10,천경숙,안녕하세요   견적나왔나요
2024-03-04 13:56:48,캐리골프투어,네 안녕하세요 잠시만요
2024-03-04 14:59:49,캐리골프투어,사진
2024-03-04 15:00:38,캐리골프투어,안녕하세요 대구 출발기준 견적서 보내드립니다.
2024-03-04 18:10:29,천경숙,"죄송요
30일출발 블랙스톤 롯데 여기는 안될까요?"
2024-03-04 18:10:29,캐리골프투어,채팅 운영시간 안내
2024-03-04 18:10:29,캐리골프투어,지금은 캐리골프투어의 채팅 가능한 시간이 아닙니다. 내용을 남겨주시면 채팅이 가능한 시간에 답변 드리겠습니다.
2024-03-04 18:13:51,캐리골프투어,네 가능합니다. 마지막 조인 1팀 남았습니다.  하실려면 바로 하셔야 할듯싶습니다. 조인자는 부부 확정되어 있습니다. 내일 오전이면 완판될듯 싶습니다.
2024-03-04 18:15:07,캐리골프투어,아 4인 이시네요
2024-03-04 18:15:17,캐리골프투어,죄송합니다 착각을 했네요
2024-03-04 18:17:43,캐리골프투어,4인 가능할지 한번 확인 해보겠습니다. 가능하다고 하면 확정 가능하신거죠? 그래야 저희가 이야기 해볼수 있을것 같습니다.
2024-03-04 18:25:35,천경숙,네~~
2024-03-04 18:25:35,캐리골프투어,채팅 운영시간 안내
2024-03-04 18:25:35,캐리골프투어,지금은 캐리골프투어의 채팅 가능한 시간이 아닙니다. 내용을 남겨주시면 채팅이 가능한 시간에 답변 드리겠습니다.
2024-03-04 18:31:48,캐리골프투어,네 보신 날짜가  4/30일 이시죠?
2024-03-04 18:32:53,캐리골프투어,사진
2024-03-04 18:37:12,천경숙,네~~30일요
2024-03-04 18:37:12,캐리골프투어,채팅 운영시간 안내
2024-03-04 18:37:12,캐리골프투어,지금은 캐리골프투어의 채팅 가능한 시간이 아닙니다. 내용을 남겨주시면 채팅이 가능한 시간에 답변 드리겠습니다.
2024-03-04 18:38:19,캐리골프투어,네 2박3일 아닌 1박2일 괜찮으실까요?
2024-03-04 18:42:49,캐리골프투어,"4/30 블랙 11시후반 
5/1 스카이힐(대) 7시대 
블랙스톤 호텔 이순서로해서 1팀 가능하세요"
2024-03-04 18:46:28,캐리골프투어,"4/30일 접수 가능합니다. 

1인 기준 380.000원x 4 = 1.520.000원입니다. 

계좌 안내입니다. >>>>>>>>


국민 680401-00-036929- 캐리골프투어

예약금은 40만원입니다.


입금자명과 아래 양식으로 명단 부탁드립니다. 

(대표자 연락처/동반자 /성별 ) 

ex) 대표자 홍길동 19701010 남                     
       연락처 010 .0000.0000

      동반자  홍길동 여"
2024-03-04 19:25:00,천경숙,죄송요   하루 더추가해야하는데 어떻게하죠
2024-03-04 19:25:00,캐리골프투어,채팅 운영시간 안내
2024-03-04 19:25:00,캐리골프투어,지금은 캐리골프투어의 채팅 가능한 시간이 아닙니다. 내용을 남겨주시면 채팅이 가능한 시간에 답변 드리겠습니다.
2024-03-04 19:47:44,캐리골프투어,"네 3일차 5/2일은 렌트 1일추가 1인당15.000원  6만원 추가하시면 되시고 
골프장 1회 부킹+ 숙박 골프텔이나 시내호텔로 알아봐 드리면 될것같습니다. 

우선 예약금 입금 주시고 
5/2일건 별도로 확인해드리면 될것같습니다."
2024-03-04 20:31:20,캐리골프투어,지금은 캐리골프투어의 채팅 가능한 시간이 아닙니다. 내용을 남겨주시면 채팅이 가능한 시간에 답변 드리겠습니다.
2024-03-04 20:31:20,천경숙,"내일보고 30일 출발이나 15일로 결정하면 예약금보낸께요
수고하세요 "
2024-03-04 20:31:20,캐리골프투어,채팅 운영시간 안내
2024-03-04 21:05:02,캐리골프투어,네 알겠습니다.
2024-03-05 15:58:13,천경숙,안녕하세요   2일 날짜꺼 나왔나요?
2024-03-05 16:00:23,캐리골프투어,네 안녕하세요.조금만 기다려주세요 확인해드리겠습니다.
2024-03-05 16:06:25,천경숙,네~~
2024-03-05 17:13:57,캐리골프투어,골프(라온) + 숙박(글로스터호텔) +렌트 1일 추가시 215.000원 추가됩니다.
2024-03-05 17:15:21,캐리골프투어,2박 3일 골프3회/숙박2박/렌트 3일 1인 기준 595.000원 입니다.
2024-03-05 17:16:51,캐리골프투어,"골프 : 3회 블랙스톤+스카이힐+라온 

숙박 : 2박
블랙스톤호텔 + 글로스터호텔
렌트 : 3일"
2024-03-06 10:57:13,천경숙,"안녕하세요 
15일 출발로 할께요"
2024-03-06 10:57:42,천경숙,사십입금하며ㆍ 되죠?
2024-03-06 11:28:43,캐리골프투어,네 맞습니다.
2024-03-06 11:31:00,캐리골프투어,"1인 기준 670.000원x 4 = 2.680.000원입니다.

계좌 안내입니다. >>>>>>>>


국민 680401-00-036929- 캐리골프투어

예약금은 40만원입니다.


입금자명과 아래 양식으로 명단 부탁드립니다. 

(대표자 연락처/동반자 /성별 ) 

ex) 대표자 홍길동 19701010 남
연락처 010 .0000.0000

동반자 홍길동 여"
2024-03-06 11:32:18,캐리골프투어,사진
2024-03-06 11:33:38,캐리골프투어,고객님 예약 희망 상품이  위 견적(4/15 2박3일) 상품 맞으실까요?
2024-03-06 14:08:04,천경숙,네~~~혹시 하루뒤  18일 비행기로 바꿀수 있을까요?
2024-03-06 14:57:34,캐리골프투어,네 항공 리턴 일자 변경은 가능 하신데 따로 숙박.렌트는 필요없으실까요?
2024-03-06 16:42:22,천경숙,숙박이랑 렌트도  연장해주시면  감사하겠습니다 
2024-03-06 16:45:04,천경숙,  빨리 답도 못드리고  귀찮게해서  죄송합니다 
2024-03-06 16:46:44,천경숙,40  입금할께요 
2024-03-06 16:47:31,캐리골프투어,네 아닙니다. 별말씀요 입금후 연락 주시면 다시 정리해서 드리겠습니다.
2024-03-06 16:51:39,천경숙,천경숙 으로 입금했습니다 
2024-03-06 16:52:17,캐리골프투어,네 입금 확인되셨습니다.정리해서 다시 드리겠습니다.
2024-03-06 17:12:28,천경숙,네~~수고하세요 
2024-03-06 17:22:36,캐리골프투어,네네 감사합니다 ~~
2024-03-06 18:50:37,캐리골프투어,사진
2024-03-06 18:50:46,캐리골프투어,3박4일 견적서 보내드렸습니다.
2024-03-06 18:50:49,캐리골프투어,마지막날 라운딩은 안하시고 항공료 변동없고 숙박 + 렌트만 8만원 추가되서 1인기준가 70만원입니다.
2024-03-06 18:50:54,캐리골프투어,확인 부탁드립니다. ~
2024-03-06 18:59:21,캐리골프투어,"죄송합니다.
계산을 잘못했습니다.
10만원 추가되서 1인 기준가 72만원입니다.
확정표 다시 드리겠습니다."
2024-03-06 19:00:48,캐리골프투어,사진
2024-03-07 12:02:40,캐리골프투어,안녕하세요 명단 부탁드립니다. 대표자 연락처/이름 / 생년월일 / 성별  이렇게 주시면 됩니다.
2024-03-07 12:23:32,캐리골프투어,대구출발이 항공이 많지 않아서 빠르게 주셔야 할것 같스빈다.
2024-03-07 12:38:38,캐리골프투어,고객님 ~
2024-03-07 12:54:14,천경숙,"천경숙 010  2890 3272 581205 여
박은순  600701
지이순670130
김상희701226"
2024-03-07 12:54:42,캐리골프투어,네네 확인 감사합니다. ~
2024-03-07 13:12:34,천경숙,수고하세요 
2024-03-07 13:26:29,캐리골프투어,네네 감사합니다.  예약완료 후 금일중 잔금 요청드리도록하겠습니다.
2024-03-07 14:15:22,캐리골프투어,4인 모두 여성분이시죠?
2024-03-07 14:31:41,천경숙,네~~
2024-03-07 17:10:11,천경숙,렌트카를 10시부터 이용 가능한걸로 왔는데 도착시간이랑 1시갼갭이 생기는데 어떻게하죠?
2024-03-07 17:16:49,캐리골프투어,짐 찾으시고 셔틀타고 렌트카 찾으시려면 1시간 정도 있으셔야 합니다.
2024-03-07 17:25:22,천경숙,네~~알겠습니다 
2024-03-07 17:26:00,캐리골프투어,네네 도착하시고 아무리 빨라도 30~40분은 걸리시기 때문에  텀 계산해서 적용드렸습니다.
2024-03-07 17:26:39,캐리골프투어,셔틀버스 타실때도 10분 간격이라 놓치시면 10분 기다려야 하고요
2024-03-07 17:26:52,캐리골프투어,필요하시면 당겨 드릴 수는 있습니다.
2024-03-07 17:44:57,천경숙,일찍도착하면 말씀드리면 늦을까요
2024-03-07 18:04:47,캐리골프투어,네네 미리 말씀주셔야 하는데 시간 오차가 거의 없으셔서 기존대로 하시길 권장드립니다.
2024-03-08 11:12:51,캐리골프투어,렌트카 픽업 시간은 9시30분으로 변경해놓겠습니다. ~
2024-03-08 11:16:29,캐리골프투어,사진
2024-03-08 11:18:53,캐리골프투어,"확정 일정표 보내드립니다. 확인 부탁드립니다.~

잔금(2.400.000)은 금일중 입금확인 부탁드립니다. 

계좌안내입니다. >>>>

국민은행  680401-00-036929 캐리골프투어"
2024-03-08 14:08:20,천경숙,입금했습니다 
2024-03-08 14:20:06,캐리골프투어,"네네 입금 확인했습니다. 
감사합니다 ~"
2024-03-11 16:44:52,캐리골프투어,4월17일  크라운  -->  라온  변경 동일금액으로 가능한데 변경해드릴지 확인 부탁드립니다.
2024-03-11 16:44:56,캐리골프투어,라온이 훨씬 좋은곳인데  프로모션 한다고 해서요
2024-03-11 16:47:05,천경숙,네~~~
2024-03-11 16:47:58,천경숙,에코랜드 노캐디 밖에 안되나요?
2024-03-11 16:51:30,캐리골프투어,물어봐야 하는데 확인 확인해볼까요?
2024-03-11 16:51:46,캐리골프투어,캐디가 많이 없어서 잔여를 확인해야 합니다.
2024-03-11 17:07:09,캐리골프투어,캐디동반 변경하면  12:05 -->  13:08  가능하다고 해요
2024-03-11 17:08:20,캐리골프투어,변경해드릴까요?
2024-03-11 17:10:15,캐리골프투어,추가금은 없고 캐디비용만 추가금액 15만원  들어갑니다.
2024-03-11 18:06:02,천경숙,시간이 좀 애매해서 의견들 물어보고 답드려도 될까요 
2024-03-11 18:06:02,캐리골프투어,채팅 운영시간 안내
2024-03-11 18:06:02,캐리골프투어,지금은 캐리골프투어의 채팅 가능한 시간이 아닙니다. 내용을 남겨주시면 채팅이 가능한 시간에 답변 드리겠습니다.
2024-03-11 18:12:06,캐리골프투어,네 결정되시면 알려주세요
2024-03-11 18:12:52,천경숙,네~~~저녁 맛나게 드세요
2024-03-11 18:12:52,캐리골프투어,채팅 운영시간 안내
2024-03-11 18:12:52,캐리골프투어,지금은 캐리골프투어의 채팅 가능한 시간이 아닙니다. 내용을 남겨주시면 채팅이 가능한 시간에 답변 드리겠습니다.
2024-03-11 18:18:41,캐리골프투어,네네 편안한 저녁되세요 ~~
2024-03-12 08:54:28,캐리골프투어,채팅 운영시간 안내
2024-03-12 08:54:28,캐리골프투어,지금은 캐리골프투어의 채팅 가능한 시간이 아닙니다. 내용을 남겨주시면 채팅이 가능한 시간에 답변 드리겠습니다.
2024-03-12 08:54:28,천경숙,"안녕하세요 
에코는 시간도 그렇고 연습삼아  노캐디로 그냥하기로 했어요
라온으로 바꿔주세요
식당도  도민들 가는곳으로 추천해주실수 있을까요 "
2024-03-12 09:34:21,캐리골프투어,"네네 알겠습니다.

제주에서 인기있는 도민 맛집입니다.

낭푼밥상

주소: 제주 제주시 애월읍 유수암평화5길 15-7

영업시간: 매일 11:00 - 20:00

메뉴: 제주식 정식, 제주식 해장국 등

명진전복

주소: 제주 제주시 구좌읍 해맞이해안로 1282

영업시간: 매일 09:30 - 21:30

메뉴: 전복죽, 전복돌솥밥 등

산방식당

주소: 제주 서귀포시 안덕면 사계로 189

영업시간: 매일 11:00 - 18:00

메뉴: 수육, 밀냉면 등

오는정김밥

주소: 제주 서귀포시 동문동로 2

영업시간: 매일 10:00 - 20:00

메뉴: 오는정김밥, 치즈김밥 등

돈사돈

주소: 제주 제주시 우평로 19

영업시간: 매일 12:00 - 22:00

메뉴: 흑돼지 구이 등"
2024-03-12 12:30:56,캐리골프투어,캐리골프투어 채널을 추가하시면 광고와 마케팅 메시지를 카카오톡으로 받아 볼 수 있습니다.
2024-03-12 12:31:36,캐리골프투어,사진
2024-03-12 12:31:40,캐리골프투어,4월17일 라온 티타임 나와서 다시 드립니다.
2024-03-12 12:34:29,천경숙,"감사합니다 
행복한날 되세요 "
2024-03-12 12:42:57,캐리골프투어,네 감사합니다 편안한 오후되세요~~
2024-04-09 07:41:23,천경숙,"안녕하세요 
비행기 티켓은 공항에 가서 수령하면되나요?
그리고 15일 비오는걸로 나오는데 혹시 18일로 변경할수 없을까요?"
2024-04-09 07:41:23,캐리골프투어,채팅 운영시간 안내
2024-04-09 07:41:23,캐리골프투어,지금은 캐리골프투어의 채팅 가능한 시간이 아닙니다. 내용을 남겨주시면 채팅이 가능한 시간에 답변 드리겠습니다.
2024-04-09 09:38:49,캐리골프투어,네 안녕하세요 맞습니다. 공항 키오스크에서 받으실 수 있습니다.
2024-04-09 09:52:57,천경숙,네~~감사합니다 
2024-04-09 09:53:21,천경숙,에코랜드는 18일 잔여티 없겠죠
2024-04-09 10:07:21,캐리골프투어,"항공, 호텔,렌트, 부킹 포함 전체 일정을 18일로 변경가능한지 확인 해드리면 되실까요?"
2024-04-09 10:07:56,캐리골프투어,아니시면 18일만 추가로 에코랜드 부킹 확인해드리면 될까요?
2024-04-09 10:21:23,천경숙,18일만요 15일비온다해서요
2024-04-09 10:22:03,캐리골프투어,기존일정에  18일만 추가로 에코랜드 부킹 확인해드리면 될까요?
2024-04-09 10:31:38,천경숙,15일  취소 되면요
2024-04-09 10:34:12,캐리골프투어,15일출발  전체일정을 18일  출발 전체일정으로 변경가능한지 확인해드리면 될까요?
2024-04-09 10:51:09,천경숙,아니요  그냥 15일가서 자유일정으로하고요 15일 부킹건만 뒤로 미룰수있을까요?
2024-04-09 10:55:00,캐리골프투어,네네 15일 애코랜드 부킹건만 18일로 일정변경 확인해드리겠습니다.
2024-04-09 11:13:52,천경숙,네~~감사합니다 
2024-04-09 11:25:20,캐리골프투어,네네네! 감사합니다
2024-04-09 13:54:28,캐리골프투어,"4/18 7시 후반 캐디동반가능 , 노캐디는 마감입니다."
2024-04-09 14:02:36,캐리골프투어,이대로 변경해드릴까요?
2024-04-09 15:54:51,천경숙,15일은 취소 된거죠?
2024-04-09 16:02:36,캐리골프투어,네 맞습니다  취소수수료 없이 변경 진행중입니다.
2024-04-09 16:10:41,천경숙,네~~수고하세요 
2024-04-09 16:11:13,캐리골프투어,네네 편안한 휴일 되세요 ~
2024-04-09 17:46:50,천경숙,네~~~즐건휴일 되세요
2024-04-09 17:47:38,천경숙,참 아직 라온은 티업시간이 안오네요
2024-04-09 18:02:41,캐리골프투어,네 라온 8:09분 드렸습니다.
2024-04-09 18:04:47,천경숙,네
2024-04-09 18:04:47,캐리골프투어,채팅 운영시간 안내
2024-04-09 18:04:47,캐리골프투어,지금은 캐리골프투어의 채팅 가능한 시간이 아닙니다. 내용을 남겨주시면 채팅이 가능한 시간에 답변 드리겠습니다.