DATE,USER,MESSAGE
2024-05-18 07:14:37,전수정,안녕하세요
2024-05-18 07:14:37,캐리골프투어,채팅 운영시간 안내
2024-05-18 07:14:37,캐리골프투어,지금은 캐리골프투어의 채팅 가능한 시간이 아닙니다. 내용을 남겨주시면 채팅이 가능한 시간에 답변 드리겠습니다.
2024-05-18 07:14:45,전수정,사진
2024-05-18 07:14:45,캐리골프투어,채팅 운영시간 안내
2024-05-18 07:14:45,캐리골프투어,지금은 캐리골프투어의 채팅 가능한 시간이 아닙니다. 내용을 남겨주시면 채팅이 가능한 시간에 답변 드리겠습니다.
2024-05-18 07:14:57,전수정,이 상품 2인 가능할까요
2024-05-18 07:14:57,캐리골프투어,채팅 운영시간 안내
2024-05-18 07:14:57,캐리골프투어,지금은 캐리골프투어의 채팅 가능한 시간이 아닙니다. 내용을 남겨주시면 채팅이 가능한 시간에 답변 드리겠습니다.
2024-05-18 07:56:17,캐리골프투어,"네 안녕하세요 

6/10일 제주 행사 접수

계좌 안내입니다. >>>>>>>>


국민 680401-00-036929- 캐리골프투어

예약금은 40만원입니다.


입금자명과 아래 양식으로 명단 부탁드립니다. 

(대표자 연락처/동반자 생년월일/성별 ) 

ex) 대표자 홍길동 19701010 남                     
       연락처 010 .0000.0000

      동반자  홍길동19711010 여"
2024-05-18 07:56:31,캐리골프투어,캐리골프투어 채널을 추가하시면 광고와 마케팅 메시지를 카카오톡으로 받아 볼 수 있습니다.
2024-05-18 07:57:05,전수정,"네 전수정 19720731 여
전윤배 19750524 남"
2024-05-18 07:57:05,캐리골프투어,채팅 운영시간 안내
2024-05-18 07:57:05,캐리골프투어,지금은 캐리골프투어의 채팅 가능한 시간이 아닙니다. 내용을 남겨주시면 채팅이 가능한 시간에 답변 드리겠습니다.
2024-05-18 07:57:19,캐리골프투어,지금은 캐리골프투어의 채팅 가능한 시간이 아닙니다. 내용을 남겨주시면 채팅이 가능한 시간에 답변 드리겠습니다.
2024-05-18 07:57:19,전수정,연락처 010-9065-7931 
2024-05-18 07:57:19,캐리골프투어,채팅 운영시간 안내
2024-05-18 07:57:23,캐리골프투어,그리고 골프백 말씀주셨는데  구체적으로 설명 주실 수 있을실까요?
2024-05-18 07:57:30,전수정,캐디백이요
2024-05-18 07:57:30,캐리골프투어,채팅 운영시간 안내
2024-05-18 07:57:30,캐리골프투어,지금은 캐리골프투어의 채팅 가능한 시간이 아닙니다. 내용을 남겨주시면 채팅이 가능한 시간에 답변 드리겠습니다.
2024-05-18 07:57:46,전수정,짐 하나만 부칠 수 있나요?
2024-05-18 07:57:46,캐리골프투어,채팅 운영시간 안내
2024-05-18 07:57:46,캐리골프투어,지금은 캐리골프투어의 채팅 가능한 시간이 아닙니다. 내용을 남겨주시면 채팅이 가능한 시간에 답변 드리겠습니다.
2024-05-18 07:58:20,전수정,"혹시 골프채 캐디백 + 러기지 이렇게 되는지? 
골프채캐디백만 가능한지 귱금합니다"
2024-05-18 07:58:20,캐리골프투어,채팅 운영시간 안내
2024-05-18 07:58:21,캐리골프투어,지금은 캐리골프투어의 채팅 가능한 시간이 아닙니다. 내용을 남겨주시면 채팅이 가능한 시간에 답변 드리겠습니다.
2024-05-18 07:58:22,캐리골프투어,항공 예약 직접 하실경우 수화물 말씀이실까요?
2024-05-18 08:00:06,캐리골프투어,"항공예약시 LCC 이용하실경우
15kg까지 무료 이시고 5kg초과시 1만원정도   추가됩니다."
2024-05-18 08:00:25,캐리골프투어,핸드캐리로 5키로정도 가능하시고요
2024-05-18 08:00:28,전수정,네 수하물 말씀드려요
2024-05-18 08:00:28,캐리골프투어,채팅 운영시간 안내
2024-05-18 08:00:28,캐리골프투어,지금은 캐리골프투어의 채팅 가능한 시간이 아닙니다. 내용을 남겨주시면 채팅이 가능한 시간에 답변 드리겠습니다.
2024-05-18 08:00:53,전수정,그럼 골프채는 수하물로 보내고 여행가방은 핸드캐리하면 되지요ㅡ
2024-05-18 08:00:53,캐리골프투어,채팅 운영시간 안내
2024-05-18 08:00:53,캐리골프투어,지금은 캐리골프투어의 채팅 가능한 시간이 아닙니다. 내용을 남겨주시면 채팅이 가능한 시간에 답변 드리겠습니다.
2024-05-18 08:02:04,캐리골프투어,네 그렇게 하시거나 초과되면 현장에서 추가하셔도 되세요
2024-05-18 08:07:47,전수정,네 알겠습니다 
2024-05-18 08:07:47,캐리골프투어,채팅 운영시간 안내
2024-05-18 08:07:47,캐리골프투어,지금은 캐리골프투어의 채팅 가능한 시간이 아닙니다. 내용을 남겨주시면 채팅이 가능한 시간에 답변 드리겠습니다.
2024-05-18 08:08:27,전수정,"10, 11일 부킹하고 혹시 8일에 2인 라운딩 할만한 곳이 있나요,"
2024-05-18 08:08:27,캐리골프투어,채팅 운영시간 안내
2024-05-18 08:08:27,캐리골프투어,지금은 캐리골프투어의 채팅 가능한 시간이 아닙니다. 내용을 남겨주시면 채팅이 가능한 시간에 답변 드리겠습니다.
2024-05-18 08:23:24,전수정,부킹 시간도 궁금해요~
2024-05-18 08:23:24,캐리골프투어,채팅 운영시간 안내
2024-05-18 08:23:24,캐리골프투어,지금은 캐리골프투어의 채팅 가능한 시간이 아닙니다. 내용을 남겨주시면 채팅이 가능한 시간에 답변 드리겠습니다.
2024-05-18 08:24:26,전수정,아 그리고 숙소를 하나더 잡아야 해요
2024-05-18 08:24:26,캐리골프투어,채팅 운영시간 안내
2024-05-18 08:24:26,캐리골프투어,지금은 캐리골프투어의 채팅 가능한 시간이 아닙니다. 내용을 남겨주시면 채팅이 가능한 시간에 답변 드리겠습니다.
2024-05-18 08:24:28,전수정,형제라성ㅅ
2024-05-18 08:24:28,캐리골프투어,채팅 운영시간 안내
2024-05-18 08:24:28,캐리골프투어,지금은 캐리골프투어의 채팅 가능한 시간이 아닙니다. 내용을 남겨주시면 채팅이 가능한 시간에 답변 드리겠습니다.
2024-05-18 09:38:40,전수정,블랙톤호텔 방하난 더주세요
2024-05-18 10:12:09,캐리골프투어,네 확인후 안내드리겠습니다.
2024-05-18 10:14:04,전수정,네 그리고 8일 라운딩두 알아바 주세요 
2024-05-18 10:33:17,캐리골프투어,6/8일 2인 부킹 조인만 필요하신걸까요?
2024-05-18 10:34:03,전수정,네~ 혹시 제주 시내에 6.7~10 저렴한 숙소도 있나요? 차량은 6.8부터 쓸게요
2024-05-18 10:34:16,전수정,너무 저렴한 거 말고 4성급
2024-05-18 10:35:19,캐리골프투어,네월요일에 확인후 안내드려보겠습니다.
2024-05-18 10:40:09,전수정,네 감사합니다.
2024-05-18 10:42:37,캐리골프투어,확인결과 호텔 객실 추가는 불가하세요.
2024-05-18 10:43:37,캐리골프투어,행사기획 상품이라 호텔객실도 팀수로 픽스되어 있어서 추가가 어려우세요
2024-05-18 10:50:01,전수정,아 그럼 근처에 묵을만한 호텔이 있나요? 룸은 트윈인가요?
2024-05-18 11:09:52,캐리골프투어,네 트윈이시고 안내드릴 근처 호텔은 월요일에 확인해서 안내드려보겠습니다.
2024-05-18 11:38:05,전수정,네 감사합니다 
2024-05-18 13:21:38,캐리골프투어,네네 문의감사드립니다.^^
2024-05-20 14:38:06,전수정,안녕하세요? 8일 라운딩은 제가 잡을게요
2024-05-20 14:38:23,전수정,근처에 묵을 숙소 있는지만 알아봐 주세요
2024-05-20 14:47:39,전수정,입금했어요. 시간 안내 부탁드려요
2024-05-20 14:58:52,캐리골프투어,네 안녕하세요 확인후 안내드리겠습니다.
2024-05-20 15:04:58,캐리골프투어,문의주신 상품은 참고로 항공 미포함 상품이며 골프2색 + 숙박1박 + 렌트 구성 상품입니다. 확인 되셨을까요?
2024-05-20 15:06:20,캐리골프투어,롯데스카이힐18홀 + 블랙스톤 18홀 + 블랙스톤호텔 1박 + 렌트36시간 기준입니다.
2024-05-20 15:06:30,전수정,네~ 좋아요. 
2024-05-20 15:08:29,캐리골프투어,"네 확인 감사합니다 

추가사항 확인부탁드립니다. 

렌트카 2일 연장( 6/8.9일) 
호텔 3일 (6/7.8.9일)"
2024-05-20 15:08:46,전수정,아 아닙니다  이건 괜찮아요
2024-05-20 15:08:54,전수정,10일 호텔만 하루 더 있는지 알아봐 주세요
2024-05-20 15:09:08,전수정,10일에는 렌트카가 나오지요?
2024-05-20 15:09:23,전수정,라운딩 시간 안내 부탁드려요
2024-05-20 15:09:36,캐리골프투어,"네 10일 렌트카 인수와 
호텔 숙박 가능하세요"
2024-05-20 15:09:56,전수정,네 알아봐 주셍ㅎ
2024-05-20 15:10:57,캐리골프투어,네 기본 초특가 패키지 구성만 접수 확인드리고 추가사항은 취소해드리면 될까요?
2024-05-20 15:11:21,전수정,아 10일 호텔은 알아봐 주세요 
2024-05-20 15:13:28,캐리골프투어,6/ 10일 이용하실 패키지 블랙스톤 호텔1박 외에 해당일 추가 숙박하실 호텔 확인해드리면 될까요?
2024-05-20 15:17:31,캐리골프투어,"전수정님 예약금 400.000원 확인 되셨으며 

티업 시간은 아래 일정 확인부탁드리며 조인 확정시 정확한 시간대 안내를 드릴 예정입니다. 

1일차 : 12~13시대
2일차 : 7~8시대"
2024-05-20 15:17:47,전수정,네 알겠습니다 
2024-05-20 15:17:59,전수정,2일 너무 이른 시간 말구 잘 부탁드려요 
2024-05-20 15:18:56,캐리골프투어,네 확정은 어렵지만 최대한 반영토록 하겠습니다.
2024-05-20 15:22:37,캐리골프투어,"6/10(월) 라온 2인실 골프텔 
1실 1박 90.000원"
2024-05-20 15:22:43,캐리골프투어,확인됩니다.
2024-05-20 16:32:46,캐리골프투어,"신화월드 랜딩관 
슈페리어 타입 1객실 1박 룸온리 135,000원 보시면 되십니다"
2024-05-20 16:33:34,전수정,네 그걸로 예약 부탁드려요.
2024-05-20 16:36:50,전수정,사진
2024-05-20 16:37:05,전수정,7일밤하루 여기서 자고 싶은데 혹시 예약이 되나요?
2024-05-20 16:37:13,전수정,아니면 근처 숙소있는지? 
2024-05-20 16:38:12,전수정,사이프러스 2인 조인 8일 오전에 하려해요
2024-05-20 16:38:32,전수정," 조인) 사이프러스(회원제) 2024/06/08(토) 08:45 222000원 부부2명남녀무관 
골팡 꽃팡 : 01053891052 
[골팡앱] http://app.golfpang.com"
2024-05-20 16:42:40,캐리골프투어,6/7일 사이프러스 골프텔 확인 해드리면 될까요?
2024-05-20 16:43:01,전수정,네~ 부탁드립니다 
2024-05-20 16:43:07,캐리골프투어,사진
2024-05-20 16:43:33,전수정,아 7일 저녁 도착해서 8일 오전 라운딩하려구요
2024-05-20 16:44:09,캐리골프투어,사진
2024-05-20 16:44:19,캐리골프투어,네 확인후 안내드리겠습니다. 참고로 저희 6/8일  조인 가능일정이니 참고 부탁드립니다.
2024-05-20 16:44:48,전수정,아~ 마땅치가 않네요  오라cc는 어디 잇어요?
2024-05-20 16:45:14,캐리골프투어,"6/10일 신화월드 랜딩관 
슈페리어 타입 1객실 1박 룸온리 135,000원 예약 진행드리겠습니다."
2024-05-20 16:45:30,전수정,네 그럼 송금하면 되나요?
2024-05-20 16:46:50,캐리골프투어,네네 송금 주시면 되세요 오라cc는 제주시내쪽에 있으세요
2024-05-20 16:47:22,전수정,아 사이프러스cc 골프텔 알아봐 주셔요~
2024-05-20 16:47:29,전수정,계좌 부탁드려요
2024-05-20 16:47:34,전수정,랜딩관
2024-05-20 16:47:38,캐리골프투어,"네 확인해보겠습니다. 
항공은 예약 하셨을까요?"
2024-05-20 16:47:56,전수정,서울 오는 것만요
2024-05-20 16:48:34,캐리골프투어,"계좌 안내입니다. >>>>>>>>


국민 680401-00-036929- 캐리골프투어"
2024-05-20 16:49:28,전수정,네 135천원 송금하면 되지요? 항공권도 알아봐 주심 더 저렴한가요?
2024-05-20 16:50:44,캐리골프투어,네 맞습니다. 135.000원 송금 주시면 되시고 요즘 항공권은 비슷해서 직접들 많이 하세요
2024-05-20 16:54:01,캐리골프투어,필요하시면 출발 공항 일정 남겨주시면 확인해드리겠습니다
2024-05-20 16:54:26,전수정,그럼 항공권은 제가 할게요\
2024-05-20 16:54:35,캐리골프투어,네 알겠습니다
2024-05-20 16:59:19,캐리골프투어,신화월드는 전수정님 투숙이실까요?
2024-05-20 17:01:40,캐리골프투어,전수정님으로 우선 예약 진행드리겠습니다.
2024-05-20 17:01:45,전수정,아 죄송해요. 동생하고 상의 좀 할게요  
2024-05-20 17:01:59,전수정,사이프러스두요. 
2024-05-20 17:02:13,전수정,1박2일 원래 패키지만 확정입니다. 
2024-05-20 17:03:34,캐리골프투어,네네 일단 보류하겠습니다.
2024-05-22 12:02:03,캐리골프투어,"안녕하세요 골프장 조인 대표예약자는 
윤종원님 010 3518 0120 입니다."
2024-05-22 12:02:24,전수정,네 알겠습니다 
2024-05-22 12:03:52,캐리골프투어,"잔금 입금안내 >>>>>>>>>>>>>>>


①예약금
- 200,000원

- 예약금 입금 완료 : 05월20일

- 잔 금 결제일 : ~05월22일
②잔 금 :
- 560,000원
* 입출금 내역이 많아 송금후 연락부탁드립니다.

③총 액 :
① + ② = 760,000원

입금계좌 :
680401-00-036929 국민은행 캐리골프투어"
2024-05-22 12:04:07,캐리골프투어,금일 내로 잔금 입금 부탁드립니다.
2024-05-22 12:14:17,캐리골프투어,"정정드립니다.
 
잔금 입금안내 >>>>>>>>>>>>>>>


①예약금
- 400,000원

- 예약금 입금 완료 : 05월20일

- 잔 금 결제일 : ~05월22일
②잔 금 :
- 360,000원
* 입출금 내역이 많아 송금후 연락부탁드립니다.

③총 액 :
① + ② = 760,000원

입금계좌 :
680401-00-036929 국민은행 캐리골프투어"
2024-05-22 12:14:36,캐리골프투어,사진
2024-05-22 12:14:44,캐리골프투어,확정서 보내드립니다.
2024-05-22 12:23:17,전수정,네~ 감사합니다 
2024-05-23 12:04:39,캐리골프투어,안녕하세요 잔금 입금확인 부탁드립니다.
2024-05-23 12:05:08,전수정,아 입금하란 말씀이었구나~ 네
2024-05-23 12:05:47,전수정,아래 일정표만 봤네요. 보내드릴게요
2024-05-23 12:06:17,캐리골프투어,네네 감사합니다 ~
2024-05-23 12:31:47,전수정,입금했습니다 
2024-05-23 12:31:59,캐리골프투어,네 확인하겠습니다.
2024-05-23 12:43:06,캐리골프투어,전수정님 잔금 360.000원 입금 확인했습니다.
2024-06-05 16:56:49,전수정,안녕하세요 
2024-06-05 16:57:19,캐리골프투어,네 안녕하세요.
2024-06-05 16:57:20,전수정,혹시차량을 7일 저녁에 공항에서 빌릴 수 있을까요? 3일 더 사용하려구요
2024-06-05 16:57:51,전수정,"[판매처 - 제주도닷컴]
전수정님, 항공권 결제완료 되었습니다.

▶ 항공 발권내역
항공편명 : 대한항공 (KE1211)
예약번호 : 5KNWYI
출발구간 : 김포→제주
출발일정 : 2024.06.07(금) 19:20
좌석구분 : 특가석
결제금액 : 84,200원
탑승자명 : 전수정,전윤배

▶ 네이버 예약 추가하기
네이버 예약번호 : 9259131
http://me2.do/FRYzUfmG

▶ 예약확인 및 취소 상세 보기
https://me2.do/5smRwVwn

▶ 항공 탑승 안내
- 사전 체크인 : 웹/모바일 체크인은 출발 48시간 ~ 30분 전까지 가능합니다. 

- 공항 체크인 : 출발 1시간 전까지 공항 내 키오스크를 통해 발급하시기 바랍니다.

사진이 부착된 신분증을 제시하지 않은 경우 탑승이 거절되며, 탑승수속 마감시간은 출발 30분 전입니다.
(유, 소아는 등본, 여권 중 택1, 신분 할인 대상은 증빙서류 제시)
※ 자세히 보기 : https://jejudo.com/custcenter/detail/14864"
2024-06-05 16:58:00,전수정,이 시간에 맞춰서요
2024-06-05 16:58:05,캐리골프투어,네 확인 후 안내드리겠습니다.
2024-06-05 17:03:24,캐리골프투어,"전수정님
렌트카 :
6/ 7.8.9일 3일 연장
 
인수 : 6/7일 21:00분 인수 

확인해드리면 되실까요?"
2024-06-05 17:09:57,전수정,네 
2024-06-05 17:10:09,전수정,감사합니다 
2024-06-05 17:10:48,캐리골프투어,"네 확인감사합니다  
확인후 안내드리겠습니다."
2024-06-05 17:13:59,캐리골프투어,가능하면 바로 잡아드리면 될까요?
2024-06-05 17:15:25,캐리골프투어,내일모레 임박건이라  차량연장 수배되면 바로 확정하시는걸로 알고 있으면 될까요?
2024-06-05 17:25:20,캐리골프투어,확인결과 죄송하지망 연휴기간이라 렌트카가 모두 마감입니다.
2024-06-05 17:49:49,전수정,아 알겠습니다 
2024-06-05 17:50:01,전수정,한대도 없나요 ?
2024-06-05 17:50:16,전수정,업그레이드나 다은그레이드하여
2024-06-05 18:11:45,캐리골프투어,네 죄송하지만 전체가 마감이라서 차가 한대도 없어요.
2024-06-10 08:57:18,캐리골프투어,사진
2024-06-10 08:57:46,캐리골프투어,"안녕하세요 
강익진님 조인자 변경되어
예약자명 변경안내드립니다."
2024-06-10 08:57:57,캐리골프투어,강익진 010 3812 6511
2024-06-10 09:07:48,전수정,네 
2024-06-10 09:22:59,전수정,차를 라운딩 끝나고 픽업해도 되나요?
2024-06-10 10:18:42,캐리골프투어,렌트카 회사에 전화하셔서 예상 인수시간 말씀드리면 되십니다.
2024-09-16 10:46:28,전수정,10.4~6일 라운딩 가능한가요?
2024-09-16 10:46:32,전수정,제주도 조인이요
2024-09-19 10:33:17,캐리골프투어,안녕하세요 구장만 원하시는 걸까요?
2024-09-19 10:33:36,전수정,아 안녕하세요. 이미 부킹을 했어요 
2024-09-19 10:34:25,캐리골프투어,네 알겠습니다. 좋은 하루 보내세요. 감사합니다^^
2024-09-19 10:37:10,전수정,네 감사합니다 