DATE,USER,MESSAGE
2024-10-03 18:47:59,유지현,안녕하세요 
2024-10-03 18:47:59,캐리골프투어,채팅 운영시간 안내
2024-10-03 18:47:59,캐리골프투어,지금은 캐리골프투어의 채팅 가능한 시간이 아닙니다. 내용을 남겨주시면 채팅이 가능한 시간에 답변 드리겠습니다.
2024-10-04 09:40:04,캐리골프투어,안녕하세요. 무엇을 도와드릴까요?
2024-10-04 10:01:17,유지현,"저희가 21,22  이틀 골프를치고싶은데  2명만 조인예약이 가능할지 해서요"
2024-10-04 10:01:43,캐리골프투어,네 제주도 문의이실까요?
2024-10-04 10:01:59,유지현,네 제주도요
2024-10-04 10:02:04,캐리골프투어,네 혹시 보신 상품 있으실까요?
2024-10-04 10:02:19,유지현,날짜만 정해놓고 예약을 못잡아서요
2024-10-04 10:02:28,유지현,테디베어 봤어요
2024-10-04 10:03:11,유지현,아니여도 2인예약  가능함 함봐주세요
2024-10-04 10:05:06,캐리골프투어,네 저희가 태디밸리 상품이 여러개 라서요. 혹시 상품이름 확인 가능하살까요?
2024-10-04 10:05:24,캐리골프투어,항공권이나 렌트는 필요하실까요?
2024-10-04 10:07:16,유지현,항공권만 끈었어요
2024-10-04 10:07:29,유지현,상품함 추천부탁드릴게요
2024-10-04 10:07:51,유지현,"조인도 가능할까요?
여자2명인데"
2024-10-04 10:09:07,캐리골프투어,"네 조인 가능하십니다.
10/21 1박2일 일정 숙소 + 구장 + 렌트로 견적 확인 후 안내드리도록 하겠습니다^^"
2024-10-04 10:09:28,유지현,넵
2024-10-04 12:50:23,캐리골프투어,"*상품구성 :
■10/21(월)  신신호텔 월드컵점 1박 
■10/21(월) 사이프러스 대중제 13시대 여2 대기
■10/22(화) 테디밸리 07시후반 여2 대기
■10/21(월) k5 3세대 고급자차보험 포함 

포함 : 
- 호텔료 1박
- 18홀 2회 그린피
- 렌트카 2일

불포함 :
- 왕복항공료 
- 카트비
- 캐디피 
- 전일정 식사

1인 견적가: 451,000원

총 액 :
902,000원
* 입출금 내역이 많아 송금후 연락부탁드립니다.

입금계좌 :
680401-00-036929 국민은행 캐리골프투어"
2024-10-04 12:50:27,캐리골프투어,견적 안내드립니다^^
2024-10-04 12:50:50,유지현,넵
2024-10-04 12:51:32,캐리골프투어,견적 드린 구장 모두 조인 대기자가 있으셔서 바로 조인 가능하십니다. 실시간이라서 조인 대기자가 빠질 수 있는 점 양해 부탁드립니다^^
2024-10-04 12:51:57,유지현,네 상의후 연락드릴게요 
2024-10-04 12:52:07,캐리골프투어,네 알겠습니다. 감사합니다^^
2024-10-04 13:44:44,유지현,그럼 저희 조인은 어떻게 되는지 여쭤봐도 될까요?
2024-10-04 13:44:53,유지현,그리고 금액은 전액 입금 해야하나요?
2024-10-04 13:46:02,캐리골프투어,"네 조인 건이셔서 전액 입금이십니다.
조인은 입금주시면 저희가 조인으로 예약드립니다^^"
2024-10-04 13:46:20,유지현,아... 그럼 남자분 2분으로도 가능해요??? 
2024-10-04 13:46:37,유지현,이렇게 첨 가보는거라 죄송합니다
2024-10-04 13:51:56,유지현,아 죄송해요 날짜를 제가 잘못계산했네요   혹시 일월도 (20.21일)도 가능할까요??? 저희가 20.21.23 이렇게 2박3일 가려고 항공권끈어놨거든요  렌트카는 23일까지는 써야하구요
2024-10-04 13:52:18,캐리골프투어,네 알겠습니다. 확인 후 안내드리도록 하겠습니다^^
2024-10-04 13:52:23,유지현,넵 감사합니다
2024-10-04 13:53:43,유지현,22일 18시 비행기라 4시까지는 렌트카 사용해야해요
2024-10-04 13:53:53,캐리골프투어,네 알겠습니다^^
2024-10-04 15:27:12,캐리골프투어,"*상품구성 :
■10/20(일) 서귀포 4성급 호텔 1박
■10/20(일) 사이프러스 대중 12:54 남2 대기
■10/21(월) 롯데(대) 07:21 부부 대기
■10/20(일) k5 3세대 고급자차보험 포함

포함 :
- 호텔료 1박
- 18홀 2회 그린피
- 렌트카 2일

불포함 :
- 왕복항공료
- 카트비
- 캐디피
- 전일정 식사

1인 견적가: 433,000원

총 액 :
866,000원
* 입출금 내역이 많아 송금후 연락부탁드립니다.

입금계좌 :
680401-00-036929 국민은행 캐리골프투어"
2024-10-04 15:28:18,캐리골프투어,"견적 안내드립니다. 
견적 드린 구장 모두 조인 대기자가 있으셔서 바로 조인 가능하십니다. 실시간이라서 조인 대기자가 빠질 수 있는 점 양해 부탁드립니다^^"
2024-10-04 15:29:43,유지현,네네
2024-10-04 15:33:27,유지현,아 그럼 21일도 부부랑 치는게 확정일까요?
2024-10-04 15:33:44,캐리골프투어,네 맞습니다^^
2024-10-04 15:34:13,캐리골프투어,"10/20 남2 대기
10/21 부부대기
입니다^^"
2024-10-04 15:34:25,유지현,아 알겠습니다 그럼 렌트카랑은 시간은 저희가 20일 광주공항 10시도착이거든요
2024-10-04 15:35:44,유지현,지금 입금할테니 렌트카랑 나머지일정은 알려주세요
2024-10-04 15:36:26,캐리골프투어,네 알겠습니다. 입금 주시면 확정서 작성 후 안내드리도록 하겠습니다^^
2024-10-04 15:36:31,유지현,네에
2024-10-04 15:37:01,캐리골프투어,네 감사합니다^^
2024-10-04 15:37:16,유지현,혹시바로 통화할수있는 번호가 있을까요???
2024-10-04 15:37:49,캐리골프투어,사진
2024-10-04 15:37:51,캐리골프투어,네 010-4835-3757 장지수 팀장입니다^^
2024-10-04 15:37:55,유지현,넵
2024-10-04 15:38:00,유지현,제이름으로 입금할게요
2024-10-04 15:38:33,캐리골프투어,"네 알겠습니다.
대표자 연락처 부탁드립니다^^"
2024-10-04 15:38:59,유지현,유지현 010-9260-1211  잘 부탁드립니다
2024-10-04 15:39:08,캐리골프투어,네 알겠습니다. 감사합니다^^
2024-10-04 15:39:23,유지현,나중에 해외도 가능할까요?? 2인플레이요?
2024-10-04 15:39:34,유지현,2인 조인요 ㅎㅎ
2024-10-04 15:40:10,유지현,입금했습니다 
2024-10-04 15:40:22,캐리골프투어,"네 가능하십니다.
보통은 해외 같은 경우는 구장측에서 조인을 해주십니다^^"
2024-10-04 15:40:58,유지현,아 네네 저희도 멤버가 없어서 이렇게 가는게 첨이라서  알겠습니다 확정서나옴 보내주세요
2024-10-04 15:42:05,캐리골프투어,"네 알겠습니다. 866,000원 입금 확인하였습니다. 확정서 정리 후 안내드리도록 하겠습니다^^"
2024-10-04 15:42:12,유지현,넵 
2024-10-20 11:49:05,유지현,예약자 서명 알려주세요
2024-11-01 19:25:48,캐리골프투어,"안녕하세요 여행 어떠셨을까요?
구장 상태나 숙소 상태 등
불편한 점은 없으셨을까요?"