DATE,USER,MESSAGE
2024-02-27 01:09:39,캐리골프투어,"'캐리골프투어' 입니다.  궁금한 내용이 있으면 메시지를 입력해주세요.
더 이상 채팅을 원치 않으시면 채팅목록에서 '채팅방 나가기'를 해 주세요."
2024-02-27 01:10:11,장덕진,"4/15,16  블랙스톤 2명 신청합니다 
010-9353-7720 "
2024-02-27 01:10:11,캐리골프투어,채팅 운영시간 안내
2024-02-27 01:10:11,캐리골프투어,지금은 캐리골프투어의 채팅 가능한 시간이 아닙니다. 내용을 남겨주시면 채팅이 가능한 시간에 답변 드리겠습니다.
2024-02-27 09:56:17,캐리골프투어,사진
2024-02-27 09:58:31,캐리골프투어,안녕하세요 문의주신 상품 견적서 보내드립니다. 2인 조인 진행해드리며 참고로 해당상품은 항공미포함상품입니다. 항공은 직접 예약하셔도 되시고 항공 예약이 필요하시면 출발공항 남겨주시면 확인해드리도록 하겠습니다. 예약금 입금시 입금자명/명단 보내주시면 예약 진행드리고 있습니다.
2024-02-27 19:44:45,장덕진,미안합니다  4/16~17로  변경 가능한가요?
2024-02-27 19:44:45,캐리골프투어,채팅 운영시간 안내
2024-02-27 19:44:45,캐리골프투어,지금은 캐리골프투어의 채팅 가능한 시간이 아닙니다. 내용을 남겨주시면 채팅이 가능한 시간에 답변 드리겠습니다.
2024-02-27 19:45:05,캐리골프투어,네 가능합니다.
2024-02-27 19:45:24,장덕진,감사합니다  지금 송금하겠습니다 
2024-02-27 19:45:24,캐리골프투어,채팅 운영시간 안내
2024-02-27 19:45:24,캐리골프투어,지금은 캐리골프투어의 채팅 가능한 시간이 아닙니다. 내용을 남겨주시면 채팅이 가능한 시간에 답변 드리겠습니다.
2024-02-27 19:47:59,캐리골프투어,네 알겠습니다 견적서 하단에 계좌 안내되어 있습니다.
2024-02-27 19:48:05,캐리골프투어,"계좌안내입니다. >>>>

국민은행 680401-00-036929 캐리골프투어"
2024-02-27 19:49:30,장덕진,"아,     마누라  병원일정 내일아침에  확인한후  송금하겠습니다 "
2024-02-27 19:49:30,캐리골프투어,채팅 운영시간 안내
2024-02-27 19:49:30,캐리골프투어,지금은 캐리골프투어의 채팅 가능한 시간이 아닙니다. 내용을 남겨주시면 채팅이 가능한 시간에 답변 드리겠습니다.
2024-02-27 19:51:58,캐리골프투어,"네 알겠습니다.  
참고로 16일 출발은 
구장순서가 아래와 같습니다.


4/16 블랙스톤 호텔 2인 1실 
4/16 블랙스톤 2부 
4/17 스카이힐 대중제 1부"
2024-02-27 19:53:50,캐리골프투어,채팅 운영시간 안내
2024-02-27 19:53:50,캐리골프투어,지금은 캐리골프투어의 채팅 가능한 시간이 아닙니다. 내용을 남겨주시면 채팅이 가능한 시간에 답변 드리겠습니다.
2024-02-27 19:53:50,장덕진,"아 그렇군요    잘알겠습니다 
수고하세요 "
2024-02-27 20:00:38,캐리골프투어,네 감사합니다.
2024-02-28 09:57:08,캐리골프투어,"안녕하세요 
변동이 있어 안내드립니다. 
문의 주신 행사잔여 모두 마감되어서 16일 출발 조인은 불가합니다. 
오늘자 15일 출발 조인 1팀만 잔여 남아있는 상황입니다."
2024-02-28 09:57:57,캐리골프투어,"15일 출발도 오전중 마감될것으로 보입니다. 

혹시 15일 출발일정은 어려우실까요?"
2024-02-28 13:17:48,장덕진,에구.......ㅠ
2024-02-28 13:23:25,캐리골프투어,네 죄송합니다 ㅠ 15일도 오전에 마감되었습니다. 문의주신 상품이 인기가 좋아 조만간 4월 상품 기획예정입니다. 다음 기회에 좋은 상품으로 안내드리겠습니다.
2024-02-28 13:50:30,캐리골프투어,"지금 4월 한번 더 하려고 조율중입니다 기다려주세요~
4/23.24.25 쯤 될것같습니다."
2024-02-28 14:35:07,장덕진,"네네  감사합니다 ~~~
꼭 연락주세요 "
2024-02-28 15:11:46,캐리골프투어,"네 체크해두었다가 연락드리겠습니다.
감사합니다.~"
2024-02-28 15:20:50,장덕진,감사합니다 
2024-02-29 13:27:29,캐리골프투어,안녕하세요 상품이 확정되어 연락드립니다.  문의주신 동일상품이며 출발 날짜는 4.22 /23 /29 /30 4회  진행예정입니다.
2024-02-29 14:06:42,장덕진,감사합니다 결정해서 다시 연락드리겠습니다 
2024-02-29 14:08:26,캐리골프투어,네 알겠습니다
2024-03-01 14:28:19,캐리골프투어,"22일 일정 
금일 오전 완판되었습니다. 
참고 부탁드립니다"
2024-03-01 19:15:48,장덕진,23일   두명 진행해주세요 ~!!
2024-03-01 19:15:48,캐리골프투어,채팅 운영시간 안내
2024-03-01 19:15:48,캐리골프투어,지금은 캐리골프투어의 채팅 가능한 시간이 아닙니다. 내용을 남겨주시면 채팅이 가능한 시간에 답변 드리겠습니다.
2024-03-01 19:50:02,캐리골프투어,"네 4/23일 접수 가능합니다. 

계좌 안내입니다. >>>>>>>>


국민 680401-00-036929- 캐리골프투어

예약금은 20만원입니다.


입금자명과 아래 양식으로 명단 부탁드립니다. 

(대표자 연락처/동반자 생년월일/성별 ) 

ex) 대표자 홍길동 19701010 남                     
       연락처 010 .0000.0000

      동반자  홍길동19711010 여"
2024-03-01 22:43:05,캐리골프투어,채팅 운영시간 안내
2024-03-01 22:43:05,캐리골프투어,지금은 캐리골프투어의 채팅 가능한 시간이 아닙니다. 내용을 남겨주시면 채팅이 가능한 시간에 답변 드리겠습니다.
2024-03-01 22:43:05,장덕진,송금완료 
2024-03-01 22:43:10,장덕진,사진
2024-03-01 22:43:10,캐리골프투어,채팅 운영시간 안내
2024-03-01 22:43:10,캐리골프투어,지금은 캐리골프투어의 채팅 가능한 시간이 아닙니다. 내용을 남겨주시면 채팅이 가능한 시간에 답변 드리겠습니다.
2024-03-01 22:45:44,장덕진,"장덕진  1971년1125
010-9353-7720 
최선미 19761012"
2024-03-01 22:45:44,캐리골프투어,채팅 운영시간 안내
2024-03-01 22:45:44,캐리골프투어,지금은 캐리골프투어의 채팅 가능한 시간이 아닙니다. 내용을 남겨주시면 채팅이 가능한 시간에 답변 드리겠습니다.
2024-03-02 01:26:07,장덕진,확인했습니다 
2024-03-02 01:26:07,캐리골프투어,채팅 운영시간 안내
2024-03-02 01:26:07,캐리골프투어,지금은 캐리골프투어의 채팅 가능한 시간이 아닙니다. 내용을 남겨주시면 채팅이 가능한 시간에 답변 드리겠습니다.
2024-03-02 09:56:13,캐리골프투어,네 예약금 20만원 입금 확인되셨습니다. 23일 접수진행드리도록 하겠습니다.
2024-03-02 10:01:44,장덕진,네네 
2024-03-04 17:34:54,캐리골프투어,사진
2024-03-04 17:36:15,캐리골프투어,고객님 확정 일정표 보내드립니다.
2024-03-04 17:39:58,캐리골프투어,"확인하시고 잔금 확인부탁드립니다.                                     
     계좌 안내입니다. >>>>>>>>


국민 680401-00-036929- 캐리골프투어

잔금은 56만원입니다."
2024-03-04 17:40:31,장덕진,네네   이따가 송금해놓겠습니다 
2024-03-04 17:46:03,캐리골프투어,"네네 장덕진님 조인자
이왕석님 010 4540 8468
골프장은 이왕석님 이름으로 체크인 
호텔 렌트카는 
장덕진님 이름으로 이용 하시면 됩니다."
2024-03-04 17:48:56,캐리골프투어,캐리골프투어 채널을 추가하시면 광고와 마케팅 메시지를 카카오톡으로 받아 볼 수 있습니다.
2024-03-04 17:52:38,장덕진,잘알겠습니다 감사합니다 
2024-03-04 23:31:45,장덕진,사진
2024-03-04 23:31:45,캐리골프투어,채팅 운영시간 안내
2024-03-04 23:31:45,캐리골프투어,지금은 캐리골프투어의 채팅 가능한 시간이 아닙니다. 내용을 남겨주시면 채팅이 가능한 시간에 답변 드리겠습니다.
2024-03-04 23:31:51,장덕진,송금완료 장덕진 입니다 
2024-03-04 23:31:51,캐리골프투어,채팅 운영시간 안내
2024-03-04 23:31:51,캐리골프투어,지금은 캐리골프투어의 채팅 가능한 시간이 아닙니다. 내용을 남겨주시면 채팅이 가능한 시간에 답변 드리겠습니다.
2024-03-05 00:03:34,캐리골프투어,네 확인했습니다. 감사합니다.
2024-03-08 12:24:24,캐리골프투어,캐리골프투어 채널을 추가하시면 광고와 마케팅 메시지를 카카오톡으로 받아 볼 수 있습니다.
2024-03-08 12:24:40,캐리골프투어,안녕하세요 고객님 밴드에 조인 문의주셔서 안내드립니다.
2024-03-08 12:24:46,캐리골프투어,"🗓 4/6(토)  ⛳중문 13시중반대
👉 158,000 💑 커플대기중

🗓 4/7(일) ⛳라온 8시후반대
👉 180,000 💑 여성2인조인대기"
2024-03-08 12:26:32,캐리골프투어,"위 일정 모두 현 기준 조인 가능합니다.

합계 338.000원

계좌안내입니다. >>>>

국민은행 680401-00-036929 캐리골프투어"
2024-03-08 12:55:12,장덕진,네네  이따가 송금하겠습니다  감사합니다 
2024-03-08 12:56:02,캐리골프투어,네네 확인 감사합니다~
2024-03-08 12:56:16,장덕진,수고하세요 
2024-03-08 12:56:41,캐리골프투어,네네 감사합니다. 편안한 하루 되세요 ~~^^
2024-03-09 01:02:55,장덕진,아 저희가   부부팀이라  그럼    2명꺼  송금하면 되나요?
2024-03-09 01:02:55,캐리골프투어,채팅 운영시간 안내
2024-03-09 01:02:55,캐리골프투어,지금은 캐리골프투어의 채팅 가능한 시간이 아닙니다. 내용을 남겨주시면 채팅이 가능한 시간에 답변 드리겠습니다.
2024-03-09 08:20:22,캐리골프투어,네 1인 기준만 드렸네요 혼선 드려 죄송합니다. 338.000 x2인= 676.000원 입금 주시면 됩니다. ~
2024-03-09 11:20:04,장덕진,사진
2024-03-09 11:20:10,장덕진,송금완료  장덕진 입니다 
2024-03-09 11:21:15,캐리골프투어,네 입금 확인했습니다
2024-03-09 11:21:39,장덕진,수고하세요 
2024-03-09 11:22:37,장덕진,체크인명도 알려주세요 ~
2024-03-09 11:29:29,캐리골프투어,"네네 알겠습니다 
즐거운 주말 되세요~"
2024-03-09 11:47:59,캐리골프투어,"🗓 4/6(토)  ⛳중문 13시36분
예약자명 이건태
010 4652 5464

🗓 4/7(일) ⛳라온 8시44분
예약자명 이은희
010 6766 2547

조인확정
장덕진부부010 9353 7729"
2024-03-09 11:50:52,장덕진,감사합니다 
2024-03-09 11:52:52,캐리골프투어,네네 감사합니다 ~
2024-03-09 11:53:05,캐리골프투어,캐리골프투어 채널을 추가하시면 광고와 마케팅 메시지를 카카오톡으로 받아 볼 수 있습니다.
2024-04-23 15:22:40,캐리골프투어,"고객님 참고로 렌트카는 서비스포함 상품이세요 
혹시 내일도 렌트카 이용 안하실까요?"
2024-04-23 15:38:39,장덕진,내일도 이용 않합니다 
2024-04-23 15:51:51,캐리골프투어,"네 확인 감사합니다. 
안전한 라운딩 일정 되시고 불편한점 있으시면 언제든지 말씀 부탁드립니다.~"
2024-04-23 15:54:24,장덕진,네  수고하세요 
2024-04-23 15:54:59,장덕진,"혹시  내일 우천으로  라운딩 못할경우엔
어떻게 처리되나요?"
2024-04-23 15:56:41,캐리골프투어,네 골프장에서 우천취소 선언을 하면 그린피는 환불 되시고 플레이후 우천취소시 홀정산 되세요
2024-04-23 15:57:13,장덕진,알겠습니다 
2024-04-23 18:41:57,장덕진,"오늘 블랙스톤은  우천으로  홀정산했습니다
내일은   비가 좀  않와야할텐데..."
2024-04-23 18:41:57,캐리골프투어,채팅 운영시간 안내
2024-04-23 18:41:57,캐리골프투어,지금은 캐리골프투어의 채팅 가능한 시간이 아닙니다. 내용을 남겨주시면 채팅이 가능한 시간에 답변 드리겠습니다.
2024-04-24 09:08:42,캐리골프투어,"네 확인 감사합니다. 
추후 정산 안내토록 하겠습니다.  날씨가 오늘은 좋을것 같습니다."
2024-05-23 12:48:45,캐리골프투어,"안녕하세요 구장으로부터 홀정산되어 연락드렸습니다. 
홀정산금 71.000원 송금드릴 예정입니다. 
계좌 부탁드립니다."
2024-05-23 12:49:27,장덕진,"네네 
카카오뱅크 3333-29-4063067  장덕진 입니다 "
2024-05-23 12:54:42,캐리골프투어,네 홀정산금  71.000원 송금드렸습니다.
2024-05-23 13:20:06,장덕진,네네  수고하세요 
2024-05-23 14:10:15,캐리골프투어,"네네 감사합니다. 
편안한 하루되세요~"
2024-05-27 14:12:08,캐리골프투어,"안녕하세요 우선 제주 최고 명문 블랙스톤 + 스카이힐 60% 할인 40팀 선착순 6/25 1박2일 상품 조인대기 요청후 기다려보고 조인여부에 따라 진행해야 될것 같습니다.

진행하신다고 하시면
예약금 40만원 입금후 희망하시는 일정과
조인대기자정보(성함/성별/연령/타수) 보내주시면 등록후 조인여부 연락드리겠습니다

조인실패시 예약금은 전액 반환드릴예정입니다.

계좌안내입니다.>
국민 캐리골프투어 680401-00-036929"
2024-05-27 14:25:01,장덕진,네네   잠시후 송금하겠습니다 
2024-05-27 14:31:18,캐리골프투어,네 감사합니다^^
2024-05-27 18:50:43,장덕진,사진
2024-05-27 18:50:44,캐리골프투어,지금은 캐리골프투어의 채팅 가능한 시간이 아닙니다. 내용을 남겨주시면 채팅이 가능한 시간에 답변 드리겠습니다.
2024-05-27 18:50:44,캐리골프투어,채팅 운영시간 안내
2024-05-27 18:50:49,장덕진,송금완료   장덕진 입니다 
2024-05-27 18:50:49,캐리골프투어,채팅 운영시간 안내
2024-05-27 18:50:49,캐리골프투어,지금은 캐리골프투어의 채팅 가능한 시간이 아닙니다. 내용을 남겨주시면 채팅이 가능한 시간에 답변 드리겠습니다.
2024-05-27 18:51:15,장덕진,원하는 날짜는  내일  톡남기겠습니다
2024-05-27 18:51:15,캐리골프투어,채팅 운영시간 안내
2024-05-27 18:51:15,캐리골프투어,지금은 캐리골프투어의 채팅 가능한 시간이 아닙니다. 내용을 남겨주시면 채팅이 가능한 시간에 답변 드리겠습니다.
2024-05-27 18:52:45,캐리골프투어,"네 400,000원 입금 확인 했습니다."
2024-05-27 19:07:57,캐리골프투어,문의주신 상품의 날짜는 6월25일 고정상품이세요 확인 부탁드립니다.
2024-05-28 10:54:11,장덕진,네네    6/25일날로  진행해주세요 2명
2024-05-28 11:05:24,캐리골프투어,네 확인 감사합니다. 6/25 조인 접수 진행 드리도록 하겠습니다.
2024-05-28 11:05:35,장덕진,네  수고하세요 
2024-05-28 11:06:38,캐리골프투어,네 좋은하루보내세요 감사합니다.
2024-05-28 11:06:46,캐리골프투어,캐리골프투어 채널을 추가하시면 광고와 마케팅 메시지를 카카오톡으로 받아 볼 수 있습니다.
2024-05-28 17:53:52,캐리골프투어,사진
2024-05-28 17:54:21,캐리골프투어,"고객님 1차 확정서 보내드립니다.
확인 부탁드립니다"
2024-05-28 18:02:49,장덕진,잘확인했습니다 수고하세요 
2024-05-28 18:02:49,캐리골프투어,채팅 운영시간 안내
2024-05-28 18:02:49,캐리골프투어,지금은 캐리골프투어의 채팅 가능한 시간이 아닙니다. 내용을 남겨주시면 채팅이 가능한 시간에 답변 드리겠습니다.
2024-05-29 13:04:36,캐리골프투어,"네 확인 감사합니다. 
금일중 잔금 입금 부탁드립니다.
계좌 안내입니다. >>>>>>>>


국민 680401-00-036929- 캐리골프투어

잔금은 36만원입니다."
2024-05-29 13:52:55,장덕진,네네 
2024-05-29 23:29:37,장덕진,송금완료   장덕진 입니다 
2024-05-29 23:29:37,캐리골프투어,채팅 운영시간 안내
2024-05-29 23:29:37,캐리골프투어,지금은 캐리골프투어의 채팅 가능한 시간이 아닙니다. 내용을 남겨주시면 채팅이 가능한 시간에 답변 드리겠습니다.
2024-05-30 07:10:17,캐리골프투어,"네 확인감사합니다.
장덕진님 잔금 360.000원 입금 확인했습니다."
2024-05-30 07:11:31,장덕진,네네   수고하세요 
2024-05-30 07:11:31,캐리골프투어,채팅 운영시간 안내
2024-05-30 07:11:31,캐리골프투어,지금은 캐리골프투어의 채팅 가능한 시간이 아닙니다. 내용을 남겨주시면 채팅이 가능한 시간에 답변 드리겠습니다.
2024-06-04 11:43:32,캐리골프투어,사진
2024-06-04 11:43:39,캐리골프투어,안녕하세요 조인 확정서 드립니다.
2024-06-04 12:13:52,장덕진,네  잘확인했습니다 
2024-06-04 15:42:10,캐리골프투어,네 조인완료되면 안내드리도록 하겠습니다.
2024-06-07 17:27:21,캐리골프투어,"안녕하세요 조인 확정되어 안내드립니다.

[블랙스톤 조인 확정안내]

■골프장명: 블랙스톤CC
■예약일자: 2024-06-25(화) 
■예약시간: 12:08
■조인자명: 신흥환 010-5128-4366

[스카이힐 조인 확정안내]

■골프장명: 롯데스카이힐CC 대중제
■예약일자: 2024-06-26(수) 
■예약시간: 07:07
■조인자명: 신흥환 010-5128-4366

양일 모두 같은 조인자분이십니다. 
감사합니다."
2024-06-07 17:27:33,캐리골프투어,사진
2024-06-07 17:31:55,장덕진,네네  잘알겠습니다 
2024-06-07 17:32:36,캐리골프투어,네 편안한 오후 되세요. 감사합니다.